Copyright 1986-2022 Xilinx, Inc. All Rights Reserved. Copyright 2022-2025 Advanced Micro Devices, Inc. All Rights Reserved.
---------------------------------------------------------------------------------------------------------------------------------------------------------------------------------------------------------------------
| Tool Version : Vivado v.2025.1 (lin64) Build 6140274 Wed May 21 22:58:25 MDT 2025
| Date         : Tue Mar 24 14:51:30 2026
| Host         : sharla running 64-bit Ubuntu 24.04.4 LTS
| Command      : report_timing_summary -max_paths 10 -routable_nets -report_unconstrained -file top_timing_summary_routed.rpt -pb top_timing_summary_routed.pb -rpx top_timing_summary_routed.rpx -warn_on_violation
| Design       : top
| Device       : 7a100t-csg324
| Speed File   : -1  PRODUCTION 1.23 2018-06-13
| Design State : Routed
---------------------------------------------------------------------------------------------------------------------------------------------------------------------------------------------------------------------

Timing Summary Report

------------------------------------------------------------------------------------------------
| Timer Settings
| --------------
------------------------------------------------------------------------------------------------

  Enable Multi Corner Analysis               :  Yes
  Enable Pessimism Removal                   :  Yes
  Pessimism Removal Resolution               :  Nearest Common Node
  Enable Input Delay Default Clock           :  No
  Enable Preset / Clear Arcs                 :  No
  Disable Flight Delays                      :  No
  Ignore I/O Paths                           :  No
  Timing Early Launch at Borrowing Latches   :  No
  Borrow Time for Max Delay Exceptions       :  Yes
  Merge Timing Exceptions                    :  Yes
  Inter-SLR Compensation                     :  Conservative

  Corner  Analyze    Analyze    
  Name    Max Paths  Min Paths  
  ------  ---------  ---------  
  Slow    Yes        Yes        
  Fast    Yes        Yes        


------------------------------------------------------------------------------------------------
| Report Methodology
| ------------------
------------------------------------------------------------------------------------------------

Rule       Severity  Description                    Violations  
---------  --------  -----------------------------  ----------  
TIMING-18  Warning   Missing input or output delay  10          

Note: This report is based on the most recent report_methodology run and may not be up-to-date. Run report_methodology on the current design for the latest report.



check_timing report

Table of Contents
-----------------
1. checking no_clock (0)
2. checking constant_clock (0)
3. checking pulse_width_clock (0)
4. checking unconstrained_internal_endpoints (0)
5. checking no_input_delay (3)
6. checking no_output_delay (4)
7. checking multiple_clock (0)
8. checking generated_clocks (0)
9. checking loops (0)
10. checking partial_input_delay (0)
11. checking partial_output_delay (0)
12. checking latch_loops (0)

1. checking no_clock (0)
------------------------
 There are 0 register/latch pins with no clock.


2. checking constant_clock (0)
------------------------------
 There are 0 register/latch pins with constant_clock.


3. checking pulse_width_clock (0)
---------------------------------
 There are 0 register/latch pins which need pulse_width check


4. checking unconstrained_internal_endpoints (0)
------------------------------------------------
 There are 0 pins that are not constrained for maximum delay.

 There are 0 pins that are not constrained for maximum delay due to constant clock.


5. checking no_input_delay (3)
------------------------------
 There are 3 input ports with no input delay specified. (HIGH)

 There are 0 input ports with no input delay but user has a false path constraint.


6. checking no_output_delay (4)
-------------------------------
 There are 4 ports with no output delay specified. (HIGH)

 There are 0 ports with no output delay but user has a false path constraint

 There are 0 ports with no output delay but with a timing clock defined on it or propagating through it


7. checking multiple_clock (0)
------------------------------
 There are 0 register/latch pins with multiple clocks.


8. checking generated_clocks (0)
--------------------------------
 There are 0 generated clocks that are not connected to a clock source.


9. checking loops (0)
---------------------
 There are 0 combinational loops in the design.


10. checking partial_input_delay (0)
------------------------------------
 There are 0 input ports with partial input delay specified.


11. checking partial_output_delay (0)
-------------------------------------
 There are 0 ports with partial output delay specified.


12. checking latch_loops (0)
----------------------------
 There are 0 combinational latch loops in the design through latch input



------------------------------------------------------------------------------------------------
| Design Timing Summary
| ---------------------
------------------------------------------------------------------------------------------------

    WNS(ns)      TNS(ns)  TNS Failing Endpoints  TNS Total Endpoints      WHS(ns)      THS(ns)  THS Failing Endpoints  THS Total Endpoints     WPWS(ns)     TPWS(ns)  TPWS Failing Endpoints  TPWS Total Endpoints  
    -------      -------  ---------------------  -------------------      -------      -------  ---------------------  -------------------     --------     --------  ----------------------  --------------------  
      7.195        0.000                      0                   28        0.265        0.000                      0                   28        4.500        0.000                       0                    29  


All user specified timing constraints are met.


------------------------------------------------------------------------------------------------
| Clock Summary
| -------------
------------------------------------------------------------------------------------------------

Clock        Waveform(ns)       Period(ns)      Frequency(MHz)
-----        ------------       ----------      --------------
sys_clk_pin  {0.000 5.000}      10.000          100.000         


------------------------------------------------------------------------------------------------
| Intra Clock Table
| -----------------
------------------------------------------------------------------------------------------------

Clock             WNS(ns)      TNS(ns)  TNS Failing Endpoints  TNS Total Endpoints      WHS(ns)      THS(ns)  THS Failing Endpoints  THS Total Endpoints     WPWS(ns)     TPWS(ns)  TPWS Failing Endpoints  TPWS Total Endpoints  
-----             -------      -------  ---------------------  -------------------      -------      -------  ---------------------  -------------------     --------     --------  ----------------------  --------------------  
sys_clk_pin         7.195        0.000                      0                   28        0.265        0.000                      0                   28        4.500        0.000                       0                    29  


------------------------------------------------------------------------------------------------
| Inter Clock Table
| -----------------
------------------------------------------------------------------------------------------------

From Clock    To Clock          WNS(ns)      TNS(ns)  TNS Failing Endpoints  TNS Total Endpoints      WHS(ns)      THS(ns)  THS Failing Endpoints  THS Total Endpoints  
----------    --------          -------      -------  ---------------------  -------------------      -------      -------  ---------------------  -------------------  


------------------------------------------------------------------------------------------------
| Other Path Groups Table
| -----------------------
------------------------------------------------------------------------------------------------

Path Group    From Clock    To Clock          WNS(ns)      TNS(ns)  TNS Failing Endpoints  TNS Total Endpoints      WHS(ns)      THS(ns)  THS Failing Endpoints  THS Total Endpoints  
----------    ----------    --------          -------      -------  ---------------------  -------------------      -------      -------  ---------------------  -------------------  


------------------------------------------------------------------------------------------------
| User Ignored Path Table
| -----------------------
------------------------------------------------------------------------------------------------

Path Group    From Clock    To Clock    
----------    ----------    --------    


------------------------------------------------------------------------------------------------
| Unconstrained Path Table
| ------------------------
------------------------------------------------------------------------------------------------

Path Group    From Clock    To Clock    
----------    ----------    --------    
(none)        sys_clk_pin                 
(none)                      sys_clk_pin   


------------------------------------------------------------------------------------------------
| Timing Details
| --------------
------------------------------------------------------------------------------------------------


---------------------------------------------------------------------------------------------------
From Clock:  sys_clk_pin
  To Clock:  sys_clk_pin

Setup :            0  Failing Endpoints,  Worst Slack        7.195ns,  Total Violation        0.000ns
Hold  :            0  Failing Endpoints,  Worst Slack        0.265ns,  Total Violation        0.000ns
PW    :            0  Failing Endpoints,  Worst Slack        4.500ns,  Total Violation        0.000ns
---------------------------------------------------------------------------------------------------


Max Delay Paths
--------------------------------------------------------------------------------------
Slack (MET) :             7.195ns  (required time - arrival time)
  Source:                 u_div/count_reg[2]/C
                            (rising edge-triggered cell FDRE clocked by sys_clk_pin  {rise@0.000ns fall@5.000ns period=10.000ns})
  Destination:            u_fsm/FSM_sequential_state_reg[1]/D
                            (rising edge-triggered cell FDCE clocked by sys_clk_pin  {rise@0.000ns fall@5.000ns period=10.000ns})
  Path Group:             sys_clk_pin
  Path Type:              Setup (Max at Slow Process Corner)
  Requirement:            10.000ns  (sys_clk_pin rise@10.000ns - sys_clk_pin rise@0.000ns)
  Data Path Delay:        2.774ns  (logic 0.828ns (29.850%)  route 1.946ns (70.150%))
  Logic Levels:           3  (LUT5=1 LUT6=2)
  Clock Path Skew:        -0.025ns (DCD - SCD + CPR)
    Destination Clock Delay (DCD):    5.011ns = ( 15.011 - 10.000 ) 
    Source Clock Delay      (SCD):    5.311ns
    Clock Pessimism Removal (CPR):    0.275ns
  Clock Uncertainty:      0.035ns  ((TSJ^2 + TIJ^2)^1/2 + DJ) / 2 + PE
    Total System Jitter     (TSJ):    0.071ns
    Total Input Jitter      (TIJ):    0.000ns
    Discrete Jitter          (DJ):    0.000ns
    Phase Error              (PE):    0.000ns

    Location             Delay type                Incr(ns)  Path(ns)    Netlist Resource(s)
  -------------------------------------------------------------------    -------------------
                         (clock sys_clk_pin rise edge)
                                                      0.000     0.000 r  
    E3                                                0.000     0.000 r  clk100mhz (IN)
                         net (fo=0)                   0.000     0.000    clk100mhz
    E3                   IBUF (Prop_ibuf_I_O)         1.482     1.482 r  clk100mhz_IBUF_inst/O
                         net (fo=1, routed)           2.025     3.506    clk100mhz_IBUF
    BUFGCTRL_X0Y16       BUFG (Prop_bufg_I_O)         0.096     3.602 r  clk100mhz_IBUF_BUFG_inst/O
                         net (fo=28, routed)          1.709     5.311    u_div/clk100mhz_IBUF_BUFG
    SLICE_X0Y103         FDRE                                         r  u_div/count_reg[2]/C
  -------------------------------------------------------------------    -------------------
    SLICE_X0Y103         FDRE (Prop_fdre_C_Q)         0.456     5.767 r  u_div/count_reg[2]/Q
                         net (fo=2, routed)           0.813     6.580    u_div/count_reg[2]
    SLICE_X1Y104         LUT6 (Prop_lut6_I3_O)        0.124     6.704 r  u_div/FSM_sequential_state[2]_i_3/O
                         net (fo=1, routed)           0.808     7.512    u_div/FSM_sequential_state[2]_i_3_n_0
    SLICE_X1Y105         LUT5 (Prop_lut5_I0_O)        0.124     7.636 r  u_div/FSM_sequential_state[2]_i_2/O
                         net (fo=3, routed)           0.325     7.961    u_fsm/clk_en
    SLICE_X1Y104         LUT6 (Prop_lut6_I4_O)        0.124     8.085 r  u_fsm/FSM_sequential_state[1]_i_1/O
                         net (fo=1, routed)           0.000     8.085    u_fsm/FSM_sequential_state[1]_i_1_n_0
    SLICE_X1Y104         FDCE                                         r  u_fsm/FSM_sequential_state_reg[1]/D
  -------------------------------------------------------------------    -------------------

                         (clock sys_clk_pin rise edge)
                                                     10.000    10.000 r  
    E3                                                0.000    10.000 r  clk100mhz (IN)
                         net (fo=0)                   0.000    10.000    clk100mhz
    E3                   IBUF (Prop_ibuf_I_O)         1.411    11.411 r  clk100mhz_IBUF_inst/O
                         net (fo=1, routed)           1.920    13.331    clk100mhz_IBUF
    BUFGCTRL_X0Y16       BUFG (Prop_bufg_I_O)         0.091    13.422 r  clk100mhz_IBUF_BUFG_inst/O
                         net (fo=28, routed)          1.589    15.011    u_fsm/clk100mhz_IBUF_BUFG
    SLICE_X1Y104         FDCE                                         r  u_fsm/FSM_sequential_state_reg[1]/C
                         clock pessimism              0.275    15.286    
                         clock uncertainty           -0.035    15.251    
    SLICE_X1Y104         FDCE (Setup_fdce_C_D)        0.029    15.280    u_fsm/FSM_sequential_state_reg[1]
  -------------------------------------------------------------------
                         required time                         15.280    
                         arrival time                          -8.085    
  -------------------------------------------------------------------
                         slack                                  7.195    

Slack (MET) :             7.200ns  (required time - arrival time)
  Source:                 u_div/count_reg[2]/C
                            (rising edge-triggered cell FDRE clocked by sys_clk_pin  {rise@0.000ns fall@5.000ns period=10.000ns})
  Destination:            u_fsm/FSM_sequential_state_reg[2]/D
                            (rising edge-triggered cell FDCE clocked by sys_clk_pin  {rise@0.000ns fall@5.000ns period=10.000ns})
  Path Group:             sys_clk_pin
  Path Type:              Setup (Max at Slow Process Corner)
  Requirement:            10.000ns  (sys_clk_pin rise@10.000ns - sys_clk_pin rise@0.000ns)
  Data Path Delay:        2.771ns  (logic 0.828ns (29.882%)  route 1.943ns (70.118%))
  Logic Levels:           3  (LUT5=1 LUT6=2)
  Clock Path Skew:        -0.025ns (DCD - SCD + CPR)
    Destination Clock Delay (DCD):    5.011ns = ( 15.011 - 10.000 ) 
    Source Clock Delay      (SCD):    5.311ns
    Clock Pessimism Removal (CPR):    0.275ns
  Clock Uncertainty:      0.035ns  ((TSJ^2 + TIJ^2)^1/2 + DJ) / 2 + PE
    Total System Jitter     (TSJ):    0.071ns
    Total Input Jitter      (TIJ):    0.000ns
    Discrete Jitter          (DJ):    0.000ns
    Phase Error              (PE):    0.000ns

    Location             Delay type                Incr(ns)  Path(ns)    Netlist Resource(s)
  -------------------------------------------------------------------    -------------------
                         (clock sys_clk_pin rise edge)
                                                      0.000     0.000 r  
    E3                                                0.000     0.000 r  clk100mhz (IN)
                         net (fo=0)                   0.000     0.000    clk100mhz
    E3                   IBUF (Prop_ibuf_I_O)         1.482     1.482 r  clk100mhz_IBUF_inst/O
                         net (fo=1, routed)           2.025     3.506    clk100mhz_IBUF
    BUFGCTRL_X0Y16       BUFG (Prop_bufg_I_O)         0.096     3.602 r  clk100mhz_IBUF_BUFG_inst/O
                         net (fo=28, routed)          1.709     5.311    u_div/clk100mhz_IBUF_BUFG
    SLICE_X0Y103         FDRE                                         r  u_div/count_reg[2]/C
  -------------------------------------------------------------------    -------------------
    SLICE_X0Y103         FDRE (Prop_fdre_C_Q)         0.456     5.767 r  u_div/count_reg[2]/Q
                         net (fo=2, routed)           0.813     6.580    u_div/count_reg[2]
    SLICE_X1Y104         LUT6 (Prop_lut6_I3_O)        0.124     6.704 r  u_div/FSM_sequential_state[2]_i_3/O
                         net (fo=1, routed)           0.808     7.512    u_div/FSM_sequential_state[2]_i_3_n_0
    SLICE_X1Y105         LUT5 (Prop_lut5_I0_O)        0.124     7.636 r  u_div/FSM_sequential_state[2]_i_2/O
                         net (fo=3, routed)           0.322     7.958    u_fsm/clk_en
    SLICE_X1Y104         LUT6 (Prop_lut6_I4_O)        0.124     8.082 r  u_fsm/FSM_sequential_state[2]_i_1/O
                         net (fo=1, routed)           0.000     8.082    u_fsm/FSM_sequential_state[2]_i_1_n_0
    SLICE_X1Y104         FDCE                                         r  u_fsm/FSM_sequential_state_reg[2]/D
  -------------------------------------------------------------------    -------------------

                         (clock sys_clk_pin rise edge)
                                                     10.000    10.000 r  
    E3                                                0.000    10.000 r  clk100mhz (IN)
                         net (fo=0)                   0.000    10.000    clk100mhz
    E3                   IBUF (Prop_ibuf_I_O)         1.411    11.411 r  clk100mhz_IBUF_inst/O
                         net (fo=1, routed)           1.920    13.331    clk100mhz_IBUF
    BUFGCTRL_X0Y16       BUFG (Prop_bufg_I_O)         0.091    13.422 r  clk100mhz_IBUF_BUFG_inst/O
                         net (fo=28, routed)          1.589    15.011    u_fsm/clk100mhz_IBUF_BUFG
    SLICE_X1Y104         FDCE                                         r  u_fsm/FSM_sequential_state_reg[2]/C
                         clock pessimism              0.275    15.286    
                         clock uncertainty           -0.035    15.251    
    SLICE_X1Y104         FDCE (Setup_fdce_C_D)        0.031    15.282    u_fsm/FSM_sequential_state_reg[2]
  -------------------------------------------------------------------
                         required time                         15.282    
                         arrival time                          -8.082    
  -------------------------------------------------------------------
                         slack                                  7.200    

Slack (MET) :             7.220ns  (required time - arrival time)
  Source:                 u_div/count_reg[2]/C
                            (rising edge-triggered cell FDRE clocked by sys_clk_pin  {rise@0.000ns fall@5.000ns period=10.000ns})
  Destination:            u_fsm/FSM_sequential_state_reg[0]/D
                            (rising edge-triggered cell FDCE clocked by sys_clk_pin  {rise@0.000ns fall@5.000ns period=10.000ns})
  Path Group:             sys_clk_pin
  Path Type:              Setup (Max at Slow Process Corner)
  Requirement:            10.000ns  (sys_clk_pin rise@10.000ns - sys_clk_pin rise@0.000ns)
  Data Path Delay:        2.751ns  (logic 0.828ns (30.100%)  route 1.923ns (69.900%))
  Logic Levels:           3  (LUT5=1 LUT6=2)
  Clock Path Skew:        -0.025ns (DCD - SCD + CPR)
    Destination Clock Delay (DCD):    5.011ns = ( 15.011 - 10.000 ) 
    Source Clock Delay      (SCD):    5.311ns
    Clock Pessimism Removal (CPR):    0.275ns
  Clock Uncertainty:      0.035ns  ((TSJ^2 + TIJ^2)^1/2 + DJ) / 2 + PE
    Total System Jitter     (TSJ):    0.071ns
    Total Input Jitter      (TIJ):    0.000ns
    Discrete Jitter          (DJ):    0.000ns
    Phase Error              (PE):    0.000ns

    Location             Delay type                Incr(ns)  Path(ns)    Netlist Resource(s)
  -------------------------------------------------------------------    -------------------
                         (clock sys_clk_pin rise edge)
                                                      0.000     0.000 r  
    E3                                                0.000     0.000 r  clk100mhz (IN)
                         net (fo=0)                   0.000     0.000    clk100mhz
    E3                   IBUF (Prop_ibuf_I_O)         1.482     1.482 r  clk100mhz_IBUF_inst/O
                         net (fo=1, routed)           2.025     3.506    clk100mhz_IBUF
    BUFGCTRL_X0Y16       BUFG (Prop_bufg_I_O)         0.096     3.602 r  clk100mhz_IBUF_BUFG_inst/O
                         net (fo=28, routed)          1.709     5.311    u_div/clk100mhz_IBUF_BUFG
    SLICE_X0Y103         FDRE                                         r  u_div/count_reg[2]/C
  -------------------------------------------------------------------    -------------------
    SLICE_X0Y103         FDRE (Prop_fdre_C_Q)         0.456     5.767 r  u_div/count_reg[2]/Q
                         net (fo=2, routed)           0.813     6.580    u_div/count_reg[2]
    SLICE_X1Y104         LUT6 (Prop_lut6_I3_O)        0.124     6.704 r  u_div/FSM_sequential_state[2]_i_3/O
                         net (fo=1, routed)           0.808     7.512    u_div/FSM_sequential_state[2]_i_3_n_0
    SLICE_X1Y105         LUT5 (Prop_lut5_I0_O)        0.124     7.636 r  u_div/FSM_sequential_state[2]_i_2/O
                         net (fo=3, routed)           0.302     7.938    u_fsm/clk_en
    SLICE_X1Y104         LUT6 (Prop_lut6_I4_O)        0.124     8.062 r  u_fsm/FSM_sequential_state[0]_i_1/O
                         net (fo=1, routed)           0.000     8.062    u_fsm/FSM_sequential_state[0]_i_1_n_0
    SLICE_X1Y104         FDCE                                         r  u_fsm/FSM_sequential_state_reg[0]/D
  -------------------------------------------------------------------    -------------------

                         (clock sys_clk_pin rise edge)
                                                     10.000    10.000 r  
    E3                                                0.000    10.000 r  clk100mhz (IN)
                         net (fo=0)                   0.000    10.000    clk100mhz
    E3                   IBUF (Prop_ibuf_I_O)         1.411    11.411 r  clk100mhz_IBUF_inst/O
                         net (fo=1, routed)           1.920    13.331    clk100mhz_IBUF
    BUFGCTRL_X0Y16       BUFG (Prop_bufg_I_O)         0.091    13.422 r  clk100mhz_IBUF_BUFG_inst/O
                         net (fo=28, routed)          1.589    15.011    u_fsm/clk100mhz_IBUF_BUFG
    SLICE_X1Y104         FDCE                                         r  u_fsm/FSM_sequential_state_reg[0]/C
                         clock pessimism              0.275    15.286    
                         clock uncertainty           -0.035    15.251    
    SLICE_X1Y104         FDCE (Setup_fdce_C_D)        0.031    15.282    u_fsm/FSM_sequential_state_reg[0]
  -------------------------------------------------------------------
                         required time                         15.282    
                         arrival time                          -8.062    
  -------------------------------------------------------------------
                         slack                                  7.220    

Slack (MET) :             7.526ns  (required time - arrival time)
  Source:                 u_div/count_reg[1]/C
                            (rising edge-triggered cell FDRE clocked by sys_clk_pin  {rise@0.000ns fall@5.000ns period=10.000ns})
  Destination:            u_div/count_reg[24]/D
                            (rising edge-triggered cell FDRE clocked by sys_clk_pin  {rise@0.000ns fall@5.000ns period=10.000ns})
  Path Group:             sys_clk_pin
  Path Type:              Setup (Max at Slow Process Corner)
  Requirement:            10.000ns  (sys_clk_pin rise@10.000ns - sys_clk_pin rise@0.000ns)
  Data Path Delay:        2.474ns  (logic 1.923ns (77.729%)  route 0.551ns (22.271%))
  Logic Levels:           7  (CARRY4=7)
  Clock Path Skew:        -0.027ns (DCD - SCD + CPR)
    Destination Clock Delay (DCD):    5.009ns = ( 15.009 - 10.000 ) 
    Source Clock Delay      (SCD):    5.311ns
    Clock Pessimism Removal (CPR):    0.275ns
  Clock Uncertainty:      0.035ns  ((TSJ^2 + TIJ^2)^1/2 + DJ) / 2 + PE
    Total System Jitter     (TSJ):    0.071ns
    Total Input Jitter      (TIJ):    0.000ns
    Discrete Jitter          (DJ):    0.000ns
    Phase Error              (PE):    0.000ns

    Location             Delay type                Incr(ns)  Path(ns)    Netlist Resource(s)
  -------------------------------------------------------------------    -------------------
                         (clock sys_clk_pin rise edge)
                                                      0.000     0.000 r  
    E3                                                0.000     0.000 r  clk100mhz (IN)
                         net (fo=0)                   0.000     0.000    clk100mhz
    E3                   IBUF (Prop_ibuf_I_O)         1.482     1.482 r  clk100mhz_IBUF_inst/O
                         net (fo=1, routed)           2.025     3.506    clk100mhz_IBUF
    BUFGCTRL_X0Y16       BUFG (Prop_bufg_I_O)         0.096     3.602 r  clk100mhz_IBUF_BUFG_inst/O
                         net (fo=28, routed)          1.709     5.311    u_div/clk100mhz_IBUF_BUFG
    SLICE_X0Y103         FDRE                                         r  u_div/count_reg[1]/C
  -------------------------------------------------------------------    -------------------
    SLICE_X0Y103         FDRE (Prop_fdre_C_Q)         0.456     5.767 r  u_div/count_reg[1]/Q
                         net (fo=2, routed)           0.551     6.318    u_div/count_reg[1]
    SLICE_X0Y103         CARRY4 (Prop_carry4_S[1]_CO[3])
                                                      0.674     6.992 r  u_div/count_reg[0]_i_1/CO[3]
                         net (fo=1, routed)           0.000     6.992    u_div/count_reg[0]_i_1_n_0
    SLICE_X0Y104         CARRY4 (Prop_carry4_CI_CO[3])
                                                      0.114     7.106 r  u_div/count_reg[4]_i_1/CO[3]
                         net (fo=1, routed)           0.000     7.106    u_div/count_reg[4]_i_1_n_0
    SLICE_X0Y105         CARRY4 (Prop_carry4_CI_CO[3])
                                                      0.114     7.220 r  u_div/count_reg[8]_i_1/CO[3]
                         net (fo=1, routed)           0.000     7.220    u_div/count_reg[8]_i_1_n_0
    SLICE_X0Y106         CARRY4 (Prop_carry4_CI_CO[3])
                                                      0.114     7.334 r  u_div/count_reg[12]_i_1/CO[3]
                         net (fo=1, routed)           0.000     7.334    u_div/count_reg[12]_i_1_n_0
    SLICE_X0Y107         CARRY4 (Prop_carry4_CI_CO[3])
                                                      0.114     7.448 r  u_div/count_reg[16]_i_1/CO[3]
                         net (fo=1, routed)           0.000     7.448    u_div/count_reg[16]_i_1_n_0
    SLICE_X0Y108         CARRY4 (Prop_carry4_CI_CO[3])
                                                      0.114     7.562 r  u_div/count_reg[20]_i_1/CO[3]
                         net (fo=1, routed)           0.000     7.562    u_div/count_reg[20]_i_1_n_0
    SLICE_X0Y109         CARRY4 (Prop_carry4_CI_O[0])
                                                      0.223     7.785 r  u_div/count_reg[24]_i_1/O[0]
                         net (fo=1, routed)           0.000     7.785    u_div/count_reg[24]_i_1_n_7
    SLICE_X0Y109         FDRE                                         r  u_div/count_reg[24]/D
  -------------------------------------------------------------------    -------------------

                         (clock sys_clk_pin rise edge)
                                                     10.000    10.000 r  
    E3                                                0.000    10.000 r  clk100mhz (IN)
                         net (fo=0)                   0.000    10.000    clk100mhz
    E3                   IBUF (Prop_ibuf_I_O)         1.411    11.411 r  clk100mhz_IBUF_inst/O
                         net (fo=1, routed)           1.920    13.331    clk100mhz_IBUF
    BUFGCTRL_X0Y16       BUFG (Prop_bufg_I_O)         0.091    13.422 r  clk100mhz_IBUF_BUFG_inst/O
                         net (fo=28, routed)          1.587    15.009    u_div/clk100mhz_IBUF_BUFG
    SLICE_X0Y109         FDRE                                         r  u_div/count_reg[24]/C
                         clock pessimism              0.275    15.284    
                         clock uncertainty           -0.035    15.249    
    SLICE_X0Y109         FDRE (Setup_fdre_C_D)        0.062    15.311    u_div/count_reg[24]
  -------------------------------------------------------------------
                         required time                         15.311    
                         arrival time                          -7.785    
  -------------------------------------------------------------------
                         slack                                  7.526    

Slack (MET) :             7.530ns  (required time - arrival time)
  Source:                 u_div/count_reg[1]/C
                            (rising edge-triggered cell FDRE clocked by sys_clk_pin  {rise@0.000ns fall@5.000ns period=10.000ns})
  Destination:            u_div/count_reg[21]/D
                            (rising edge-triggered cell FDRE clocked by sys_clk_pin  {rise@0.000ns fall@5.000ns period=10.000ns})
  Path Group:             sys_clk_pin
  Path Type:              Setup (Max at Slow Process Corner)
  Requirement:            10.000ns  (sys_clk_pin rise@10.000ns - sys_clk_pin rise@0.000ns)
  Data Path Delay:        2.471ns  (logic 1.920ns (77.702%)  route 0.551ns (22.298%))
  Logic Levels:           6  (CARRY4=6)
  Clock Path Skew:        -0.026ns (DCD - SCD + CPR)
    Destination Clock Delay (DCD):    5.010ns = ( 15.010 - 10.000 ) 
    Source Clock Delay      (SCD):    5.311ns
    Clock Pessimism Removal (CPR):    0.275ns
  Clock Uncertainty:      0.035ns  ((TSJ^2 + TIJ^2)^1/2 + DJ) / 2 + PE
    Total System Jitter     (TSJ):    0.071ns
    Total Input Jitter      (TIJ):    0.000ns
    Discrete Jitter          (DJ):    0.000ns
    Phase Error              (PE):    0.000ns

    Location             Delay type                Incr(ns)  Path(ns)    Netlist Resource(s)
  -------------------------------------------------------------------    -------------------
                         (clock sys_clk_pin rise edge)
                                                      0.000     0.000 r  
    E3                                                0.000     0.000 r  clk100mhz (IN)
                         net (fo=0)                   0.000     0.000    clk100mhz
    E3                   IBUF (Prop_ibuf_I_O)         1.482     1.482 r  clk100mhz_IBUF_inst/O
                         net (fo=1, routed)           2.025     3.506    clk100mhz_IBUF
    BUFGCTRL_X0Y16       BUFG (Prop_bufg_I_O)         0.096     3.602 r  clk100mhz_IBUF_BUFG_inst/O
                         net (fo=28, routed)          1.709     5.311    u_div/clk100mhz_IBUF_BUFG
    SLICE_X0Y103         FDRE                                         r  u_div/count_reg[1]/C
  -------------------------------------------------------------------    -------------------
    SLICE_X0Y103         FDRE (Prop_fdre_C_Q)         0.456     5.767 r  u_div/count_reg[1]/Q
                         net (fo=2, routed)           0.551     6.318    u_div/count_reg[1]
    SLICE_X0Y103         CARRY4 (Prop_carry4_S[1]_CO[3])
                                                      0.674     6.992 r  u_div/count_reg[0]_i_1/CO[3]
                         net (fo=1, routed)           0.000     6.992    u_div/count_reg[0]_i_1_n_0
    SLICE_X0Y104         CARRY4 (Prop_carry4_CI_CO[3])
                                                      0.114     7.106 r  u_div/count_reg[4]_i_1/CO[3]
                         net (fo=1, routed)           0.000     7.106    u_div/count_reg[4]_i_1_n_0
    SLICE_X0Y105         CARRY4 (Prop_carry4_CI_CO[3])
                                                      0.114     7.220 r  u_div/count_reg[8]_i_1/CO[3]
                         net (fo=1, routed)           0.000     7.220    u_div/count_reg[8]_i_1_n_0
    SLICE_X0Y106         CARRY4 (Prop_carry4_CI_CO[3])
                                                      0.114     7.334 r  u_div/count_reg[12]_i_1/CO[3]
                         net (fo=1, routed)           0.000     7.334    u_div/count_reg[12]_i_1_n_0
    SLICE_X0Y107         CARRY4 (Prop_carry4_CI_CO[3])
                                                      0.114     7.448 r  u_div/count_reg[16]_i_1/CO[3]
                         net (fo=1, routed)           0.000     7.448    u_div/count_reg[16]_i_1_n_0
    SLICE_X0Y108         CARRY4 (Prop_carry4_CI_O[1])
                                                      0.334     7.782 r  u_div/count_reg[20]_i_1/O[1]
                         net (fo=1, routed)           0.000     7.782    u_div/count_reg[20]_i_1_n_6
    SLICE_X0Y108         FDRE                                         r  u_div/count_reg[21]/D
  -------------------------------------------------------------------    -------------------

                         (clock sys_clk_pin rise edge)
                                                     10.000    10.000 r  
    E3                                                0.000    10.000 r  clk100mhz (IN)
                         net (fo=0)                   0.000    10.000    clk100mhz
    E3                   IBUF (Prop_ibuf_I_O)         1.411    11.411 r  clk100mhz_IBUF_inst/O
                         net (fo=1, routed)           1.920    13.331    clk100mhz_IBUF
    BUFGCTRL_X0Y16       BUFG (Prop_bufg_I_O)         0.091    13.422 r  clk100mhz_IBUF_BUFG_inst/O
                         net (fo=28, routed)          1.588    15.010    u_div/clk100mhz_IBUF_BUFG
    SLICE_X0Y108         FDRE                                         r  u_div/count_reg[21]/C
                         clock pessimism              0.275    15.285    
                         clock uncertainty           -0.035    15.250    
    SLICE_X0Y108         FDRE (Setup_fdre_C_D)        0.062    15.312    u_div/count_reg[21]
  -------------------------------------------------------------------
                         required time                         15.312    
                         arrival time                          -7.782    
  -------------------------------------------------------------------
                         slack                                  7.530    

Slack (MET) :             7.551ns  (required time - arrival time)
  Source:                 u_div/count_reg[1]/C
                            (rising edge-triggered cell FDRE clocked by sys_clk_pin  {rise@0.000ns fall@5.000ns period=10.000ns})
  Destination:            u_div/count_reg[23]/D
                            (rising edge-triggered cell FDRE clocked by sys_clk_pin  {rise@0.000ns fall@5.000ns period=10.000ns})
  Path Group:             sys_clk_pin
  Path Type:              Setup (Max at Slow Process Corner)
  Requirement:            10.000ns  (sys_clk_pin rise@10.000ns - sys_clk_pin rise@0.000ns)
  Data Path Delay:        2.450ns  (logic 1.899ns (77.511%)  route 0.551ns (22.489%))
  Logic Levels:           6  (CARRY4=6)
  Clock Path Skew:        -0.026ns (DCD - SCD + CPR)
    Destination Clock Delay (DCD):    5.010ns = ( 15.010 - 10.000 ) 
    Source Clock Delay      (SCD):    5.311ns
    Clock Pessimism Removal (CPR):    0.275ns
  Clock Uncertainty:      0.035ns  ((TSJ^2 + TIJ^2)^1/2 + DJ) / 2 + PE
    Total System Jitter     (TSJ):    0.071ns
    Total Input Jitter      (TIJ):    0.000ns
    Discrete Jitter          (DJ):    0.000ns
    Phase Error              (PE):    0.000ns

    Location             Delay type                Incr(ns)  Path(ns)    Netlist Resource(s)
  -------------------------------------------------------------------    -------------------
                         (clock sys_clk_pin rise edge)
                                                      0.000     0.000 r  
    E3                                                0.000     0.000 r  clk100mhz (IN)
                         net (fo=0)                   0.000     0.000    clk100mhz
    E3                   IBUF (Prop_ibuf_I_O)         1.482     1.482 r  clk100mhz_IBUF_inst/O
                         net (fo=1, routed)           2.025     3.506    clk100mhz_IBUF
    BUFGCTRL_X0Y16       BUFG (Prop_bufg_I_O)         0.096     3.602 r  clk100mhz_IBUF_BUFG_inst/O
                         net (fo=28, routed)          1.709     5.311    u_div/clk100mhz_IBUF_BUFG
    SLICE_X0Y103         FDRE                                         r  u_div/count_reg[1]/C
  -------------------------------------------------------------------    -------------------
    SLICE_X0Y103         FDRE (Prop_fdre_C_Q)         0.456     5.767 r  u_div/count_reg[1]/Q
                         net (fo=2, routed)           0.551     6.318    u_div/count_reg[1]
    SLICE_X0Y103         CARRY4 (Prop_carry4_S[1]_CO[3])
                                                      0.674     6.992 r  u_div/count_reg[0]_i_1/CO[3]
                         net (fo=1, routed)           0.000     6.992    u_div/count_reg[0]_i_1_n_0
    SLICE_X0Y104         CARRY4 (Prop_carry4_CI_CO[3])
                                                      0.114     7.106 r  u_div/count_reg[4]_i_1/CO[3]
                         net (fo=1, routed)           0.000     7.106    u_div/count_reg[4]_i_1_n_0
    SLICE_X0Y105         CARRY4 (Prop_carry4_CI_CO[3])
                                                      0.114     7.220 r  u_div/count_reg[8]_i_1/CO[3]
                         net (fo=1, routed)           0.000     7.220    u_div/count_reg[8]_i_1_n_0
    SLICE_X0Y106         CARRY4 (Prop_carry4_CI_CO[3])
                                                      0.114     7.334 r  u_div/count_reg[12]_i_1/CO[3]
                         net (fo=1, routed)           0.000     7.334    u_div/count_reg[12]_i_1_n_0
    SLICE_X0Y107         CARRY4 (Prop_carry4_CI_CO[3])
                                                      0.114     7.448 r  u_div/count_reg[16]_i_1/CO[3]
                         net (fo=1, routed)           0.000     7.448    u_div/count_reg[16]_i_1_n_0
    SLICE_X0Y108         CARRY4 (Prop_carry4_CI_O[3])
                                                      0.313     7.761 r  u_div/count_reg[20]_i_1/O[3]
                         net (fo=1, routed)           0.000     7.761    u_div/count_reg[20]_i_1_n_4
    SLICE_X0Y108         FDRE                                         r  u_div/count_reg[23]/D
  -------------------------------------------------------------------    -------------------

                         (clock sys_clk_pin rise edge)
                                                     10.000    10.000 r  
    E3                                                0.000    10.000 r  clk100mhz (IN)
                         net (fo=0)                   0.000    10.000    clk100mhz
    E3                   IBUF (Prop_ibuf_I_O)         1.411    11.411 r  clk100mhz_IBUF_inst/O
                         net (fo=1, routed)           1.920    13.331    clk100mhz_IBUF
    BUFGCTRL_X0Y16       BUFG (Prop_bufg_I_O)         0.091    13.422 r  clk100mhz_IBUF_BUFG_inst/O
                         net (fo=28, routed)          1.588    15.010    u_div/clk100mhz_IBUF_BUFG
    SLICE_X0Y108         FDRE                                         r  u_div/count_reg[23]/C
                         clock pessimism              0.275    15.285    
                         clock uncertainty           -0.035    15.250    
    SLICE_X0Y108         FDRE (Setup_fdre_C_D)        0.062    15.312    u_div/count_reg[23]
  -------------------------------------------------------------------
                         required time                         15.312    
                         arrival time                          -7.761    
  -------------------------------------------------------------------
                         slack                                  7.551    

Slack (MET) :             7.625ns  (required time - arrival time)
  Source:                 u_div/count_reg[1]/C
                            (rising edge-triggered cell FDRE clocked by sys_clk_pin  {rise@0.000ns fall@5.000ns period=10.000ns})
  Destination:            u_div/count_reg[22]/D
                            (rising edge-triggered cell FDRE clocked by sys_clk_pin  {rise@0.000ns fall@5.000ns period=10.000ns})
  Path Group:             sys_clk_pin
  Path Type:              Setup (Max at Slow Process Corner)
  Requirement:            10.000ns  (sys_clk_pin rise@10.000ns - sys_clk_pin rise@0.000ns)
  Data Path Delay:        2.376ns  (logic 1.825ns (76.810%)  route 0.551ns (23.190%))
  Logic Levels:           6  (CARRY4=6)
  Clock Path Skew:        -0.026ns (DCD - SCD + CPR)
    Destination Clock Delay (DCD):    5.010ns = ( 15.010 - 10.000 ) 
    Source Clock Delay      (SCD):    5.311ns
    Clock Pessimism Removal (CPR):    0.275ns
  Clock Uncertainty:      0.035ns  ((TSJ^2 + TIJ^2)^1/2 + DJ) / 2 + PE
    Total System Jitter     (TSJ):    0.071ns
    Total Input Jitter      (TIJ):    0.000ns
    Discrete Jitter          (DJ):    0.000ns
    Phase Error              (PE):    0.000ns

    Location             Delay type                Incr(ns)  Path(ns)    Netlist Resource(s)
  -------------------------------------------------------------------    -------------------
                         (clock sys_clk_pin rise edge)
                                                      0.000     0.000 r  
    E3                                                0.000     0.000 r  clk100mhz (IN)
                         net (fo=0)                   0.000     0.000    clk100mhz
    E3                   IBUF (Prop_ibuf_I_O)         1.482     1.482 r  clk100mhz_IBUF_inst/O
                         net (fo=1, routed)           2.025     3.506    clk100mhz_IBUF
    BUFGCTRL_X0Y16       BUFG (Prop_bufg_I_O)         0.096     3.602 r  clk100mhz_IBUF_BUFG_inst/O
                         net (fo=28, routed)          1.709     5.311    u_div/clk100mhz_IBUF_BUFG
    SLICE_X0Y103         FDRE                                         r  u_div/count_reg[1]/C
  -------------------------------------------------------------------    -------------------
    SLICE_X0Y103         FDRE (Prop_fdre_C_Q)         0.456     5.767 r  u_div/count_reg[1]/Q
                         net (fo=2, routed)           0.551     6.318    u_div/count_reg[1]
    SLICE_X0Y103         CARRY4 (Prop_carry4_S[1]_CO[3])
                                                      0.674     6.992 r  u_div/count_reg[0]_i_1/CO[3]
                         net (fo=1, routed)           0.000     6.992    u_div/count_reg[0]_i_1_n_0
    SLICE_X0Y104         CARRY4 (Prop_carry4_CI_CO[3])
                                                      0.114     7.106 r  u_div/count_reg[4]_i_1/CO[3]
                         net (fo=1, routed)           0.000     7.106    u_div/count_reg[4]_i_1_n_0
    SLICE_X0Y105         CARRY4 (Prop_carry4_CI_CO[3])
                                                      0.114     7.220 r  u_div/count_reg[8]_i_1/CO[3]
                         net (fo=1, routed)           0.000     7.220    u_div/count_reg[8]_i_1_n_0
    SLICE_X0Y106         CARRY4 (Prop_carry4_CI_CO[3])
                                                      0.114     7.334 r  u_div/count_reg[12]_i_1/CO[3]
                         net (fo=1, routed)           0.000     7.334    u_div/count_reg[12]_i_1_n_0
    SLICE_X0Y107         CARRY4 (Prop_carry4_CI_CO[3])
                                                      0.114     7.448 r  u_div/count_reg[16]_i_1/CO[3]
                         net (fo=1, routed)           0.000     7.448    u_div/count_reg[16]_i_1_n_0
    SLICE_X0Y108         CARRY4 (Prop_carry4_CI_O[2])
                                                      0.239     7.687 r  u_div/count_reg[20]_i_1/O[2]
                         net (fo=1, routed)           0.000     7.687    u_div/count_reg[20]_i_1_n_5
    SLICE_X0Y108         FDRE                                         r  u_div/count_reg[22]/D
  -------------------------------------------------------------------    -------------------

                         (clock sys_clk_pin rise edge)
                                                     10.000    10.000 r  
    E3                                                0.000    10.000 r  clk100mhz (IN)
                         net (fo=0)                   0.000    10.000    clk100mhz
    E3                   IBUF (Prop_ibuf_I_O)         1.411    11.411 r  clk100mhz_IBUF_inst/O
                         net (fo=1, routed)           1.920    13.331    clk100mhz_IBUF
    BUFGCTRL_X0Y16       BUFG (Prop_bufg_I_O)         0.091    13.422 r  clk100mhz_IBUF_BUFG_inst/O
                         net (fo=28, routed)          1.588    15.010    u_div/clk100mhz_IBUF_BUFG
    SLICE_X0Y108         FDRE                                         r  u_div/count_reg[22]/C
                         clock pessimism              0.275    15.285    
                         clock uncertainty           -0.035    15.250    
    SLICE_X0Y108         FDRE (Setup_fdre_C_D)        0.062    15.312    u_div/count_reg[22]
  -------------------------------------------------------------------
                         required time                         15.312    
                         arrival time                          -7.687    
  -------------------------------------------------------------------
                         slack                                  7.625    

Slack (MET) :             7.641ns  (required time - arrival time)
  Source:                 u_div/count_reg[1]/C
                            (rising edge-triggered cell FDRE clocked by sys_clk_pin  {rise@0.000ns fall@5.000ns period=10.000ns})
  Destination:            u_div/count_reg[20]/D
                            (rising edge-triggered cell FDRE clocked by sys_clk_pin  {rise@0.000ns fall@5.000ns period=10.000ns})
  Path Group:             sys_clk_pin
  Path Type:              Setup (Max at Slow Process Corner)
  Requirement:            10.000ns  (sys_clk_pin rise@10.000ns - sys_clk_pin rise@0.000ns)
  Data Path Delay:        2.360ns  (logic 1.809ns (76.653%)  route 0.551ns (23.347%))
  Logic Levels:           6  (CARRY4=6)
  Clock Path Skew:        -0.026ns (DCD - SCD + CPR)
    Destination Clock Delay (DCD):    5.010ns = ( 15.010 - 10.000 ) 
    Source Clock Delay      (SCD):    5.311ns
    Clock Pessimism Removal (CPR):    0.275ns
  Clock Uncertainty:      0.035ns  ((TSJ^2 + TIJ^2)^1/2 + DJ) / 2 + PE
    Total System Jitter     (TSJ):    0.071ns
    Total Input Jitter      (TIJ):    0.000ns
    Discrete Jitter          (DJ):    0.000ns
    Phase Error              (PE):    0.000ns

    Location             Delay type                Incr(ns)  Path(ns)    Netlist Resource(s)
  -------------------------------------------------------------------    -------------------
                         (clock sys_clk_pin rise edge)
                                                      0.000     0.000 r  
    E3                                                0.000     0.000 r  clk100mhz (IN)
                         net (fo=0)                   0.000     0.000    clk100mhz
    E3                   IBUF (Prop_ibuf_I_O)         1.482     1.482 r  clk100mhz_IBUF_inst/O
                         net (fo=1, routed)           2.025     3.506    clk100mhz_IBUF
    BUFGCTRL_X0Y16       BUFG (Prop_bufg_I_O)         0.096     3.602 r  clk100mhz_IBUF_BUFG_inst/O
                         net (fo=28, routed)          1.709     5.311    u_div/clk100mhz_IBUF_BUFG
    SLICE_X0Y103         FDRE                                         r  u_div/count_reg[1]/C
  -------------------------------------------------------------------    -------------------
    SLICE_X0Y103         FDRE (Prop_fdre_C_Q)         0.456     5.767 r  u_div/count_reg[1]/Q
                         net (fo=2, routed)           0.551     6.318    u_div/count_reg[1]
    SLICE_X0Y103         CARRY4 (Prop_carry4_S[1]_CO[3])
                                                      0.674     6.992 r  u_div/count_reg[0]_i_1/CO[3]
                         net (fo=1, routed)           0.000     6.992    u_div/count_reg[0]_i_1_n_0
    SLICE_X0Y104         CARRY4 (Prop_carry4_CI_CO[3])
                                                      0.114     7.106 r  u_div/count_reg[4]_i_1/CO[3]
                         net (fo=1, routed)           0.000     7.106    u_div/count_reg[4]_i_1_n_0
    SLICE_X0Y105         CARRY4 (Prop_carry4_CI_CO[3])
                                                      0.114     7.220 r  u_div/count_reg[8]_i_1/CO[3]
                         net (fo=1, routed)           0.000     7.220    u_div/count_reg[8]_i_1_n_0
    SLICE_X0Y106         CARRY4 (Prop_carry4_CI_CO[3])
                                                      0.114     7.334 r  u_div/count_reg[12]_i_1/CO[3]
                         net (fo=1, routed)           0.000     7.334    u_div/count_reg[12]_i_1_n_0
    SLICE_X0Y107         CARRY4 (Prop_carry4_CI_CO[3])
                                                      0.114     7.448 r  u_div/count_reg[16]_i_1/CO[3]
                         net (fo=1, routed)           0.000     7.448    u_div/count_reg[16]_i_1_n_0
    SLICE_X0Y108         CARRY4 (Prop_carry4_CI_O[0])
                                                      0.223     7.671 r  u_div/count_reg[20]_i_1/O[0]
                         net (fo=1, routed)           0.000     7.671    u_div/count_reg[20]_i_1_n_7
    SLICE_X0Y108         FDRE                                         r  u_div/count_reg[20]/D
  -------------------------------------------------------------------    -------------------

                         (clock sys_clk_pin rise edge)
                                                     10.000    10.000 r  
    E3                                                0.000    10.000 r  clk100mhz (IN)
                         net (fo=0)                   0.000    10.000    clk100mhz
    E3                   IBUF (Prop_ibuf_I_O)         1.411    11.411 r  clk100mhz_IBUF_inst/O
                         net (fo=1, routed)           1.920    13.331    clk100mhz_IBUF
    BUFGCTRL_X0Y16       BUFG (Prop_bufg_I_O)         0.091    13.422 r  clk100mhz_IBUF_BUFG_inst/O
                         net (fo=28, routed)          1.588    15.010    u_div/clk100mhz_IBUF_BUFG
    SLICE_X0Y108         FDRE                                         r  u_div/count_reg[20]/C
                         clock pessimism              0.275    15.285    
                         clock uncertainty           -0.035    15.250    
    SLICE_X0Y108         FDRE (Setup_fdre_C_D)        0.062    15.312    u_div/count_reg[20]
  -------------------------------------------------------------------
                         required time                         15.312    
                         arrival time                          -7.671    
  -------------------------------------------------------------------
                         slack                                  7.641    

Slack (MET) :             7.644ns  (required time - arrival time)
  Source:                 u_div/count_reg[1]/C
                            (rising edge-triggered cell FDRE clocked by sys_clk_pin  {rise@0.000ns fall@5.000ns period=10.000ns})
  Destination:            u_div/count_reg[17]/D
                            (rising edge-triggered cell FDRE clocked by sys_clk_pin  {rise@0.000ns fall@5.000ns period=10.000ns})
  Path Group:             sys_clk_pin
  Path Type:              Setup (Max at Slow Process Corner)
  Requirement:            10.000ns  (sys_clk_pin rise@10.000ns - sys_clk_pin rise@0.000ns)
  Data Path Delay:        2.357ns  (logic 1.806ns (76.623%)  route 0.551ns (23.377%))
  Logic Levels:           5  (CARRY4=5)
  Clock Path Skew:        -0.026ns (DCD - SCD + CPR)
    Destination Clock Delay (DCD):    5.010ns = ( 15.010 - 10.000 ) 
    Source Clock Delay      (SCD):    5.311ns
    Clock Pessimism Removal (CPR):    0.275ns
  Clock Uncertainty:      0.035ns  ((TSJ^2 + TIJ^2)^1/2 + DJ) / 2 + PE
    Total System Jitter     (TSJ):    0.071ns
    Total Input Jitter      (TIJ):    0.000ns
    Discrete Jitter          (DJ):    0.000ns
    Phase Error              (PE):    0.000ns

    Location             Delay type                Incr(ns)  Path(ns)    Netlist Resource(s)
  -------------------------------------------------------------------    -------------------
                         (clock sys_clk_pin rise edge)
                                                      0.000     0.000 r  
    E3                                                0.000     0.000 r  clk100mhz (IN)
                         net (fo=0)                   0.000     0.000    clk100mhz
    E3                   IBUF (Prop_ibuf_I_O)         1.482     1.482 r  clk100mhz_IBUF_inst/O
                         net (fo=1, routed)           2.025     3.506    clk100mhz_IBUF
    BUFGCTRL_X0Y16       BUFG (Prop_bufg_I_O)         0.096     3.602 r  clk100mhz_IBUF_BUFG_inst/O
                         net (fo=28, routed)          1.709     5.311    u_div/clk100mhz_IBUF_BUFG
    SLICE_X0Y103         FDRE                                         r  u_div/count_reg[1]/C
  -------------------------------------------------------------------    -------------------
    SLICE_X0Y103         FDRE (Prop_fdre_C_Q)         0.456     5.767 r  u_div/count_reg[1]/Q
                         net (fo=2, routed)           0.551     6.318    u_div/count_reg[1]
    SLICE_X0Y103         CARRY4 (Prop_carry4_S[1]_CO[3])
                                                      0.674     6.992 r  u_div/count_reg[0]_i_1/CO[3]
                         net (fo=1, routed)           0.000     6.992    u_div/count_reg[0]_i_1_n_0
    SLICE_X0Y104         CARRY4 (Prop_carry4_CI_CO[3])
                                                      0.114     7.106 r  u_div/count_reg[4]_i_1/CO[3]
                         net (fo=1, routed)           0.000     7.106    u_div/count_reg[4]_i_1_n_0
    SLICE_X0Y105         CARRY4 (Prop_carry4_CI_CO[3])
                                                      0.114     7.220 r  u_div/count_reg[8]_i_1/CO[3]
                         net (fo=1, routed)           0.000     7.220    u_div/count_reg[8]_i_1_n_0
    SLICE_X0Y106         CARRY4 (Prop_carry4_CI_CO[3])
                                                      0.114     7.334 r  u_div/count_reg[12]_i_1/CO[3]
                         net (fo=1, routed)           0.000     7.334    u_div/count_reg[12]_i_1_n_0
    SLICE_X0Y107         CARRY4 (Prop_carry4_CI_O[1])
                                                      0.334     7.668 r  u_div/count_reg[16]_i_1/O[1]
                         net (fo=1, routed)           0.000     7.668    u_div/count_reg[16]_i_1_n_6
    SLICE_X0Y107         FDRE                                         r  u_div/count_reg[17]/D
  -------------------------------------------------------------------    -------------------

                         (clock sys_clk_pin rise edge)
                                                     10.000    10.000 r  
    E3                                                0.000    10.000 r  clk100mhz (IN)
                         net (fo=0)                   0.000    10.000    clk100mhz
    E3                   IBUF (Prop_ibuf_I_O)         1.411    11.411 r  clk100mhz_IBUF_inst/O
                         net (fo=1, routed)           1.920    13.331    clk100mhz_IBUF
    BUFGCTRL_X0Y16       BUFG (Prop_bufg_I_O)         0.091    13.422 r  clk100mhz_IBUF_BUFG_inst/O
                         net (fo=28, routed)          1.588    15.010    u_div/clk100mhz_IBUF_BUFG
    SLICE_X0Y107         FDRE                                         r  u_div/count_reg[17]/C
                         clock pessimism              0.275    15.285    
                         clock uncertainty           -0.035    15.250    
    SLICE_X0Y107         FDRE (Setup_fdre_C_D)        0.062    15.312    u_div/count_reg[17]
  -------------------------------------------------------------------
                         required time                         15.312    
                         arrival time                          -7.668    
  -------------------------------------------------------------------
                         slack                                  7.644    

Slack (MET) :             7.665ns  (required time - arrival time)
  Source:                 u_div/count_reg[1]/C
                            (rising edge-triggered cell FDRE clocked by sys_clk_pin  {rise@0.000ns fall@5.000ns period=10.000ns})
  Destination:            u_div/count_reg[19]/D
                            (rising edge-triggered cell FDRE clocked by sys_clk_pin  {rise@0.000ns fall@5.000ns period=10.000ns})
  Path Group:             sys_clk_pin
  Path Type:              Setup (Max at Slow Process Corner)
  Requirement:            10.000ns  (sys_clk_pin rise@10.000ns - sys_clk_pin rise@0.000ns)
  Data Path Delay:        2.336ns  (logic 1.785ns (76.413%)  route 0.551ns (23.587%))
  Logic Levels:           5  (CARRY4=5)
  Clock Path Skew:        -0.026ns (DCD - SCD + CPR)
    Destination Clock Delay (DCD):    5.010ns = ( 15.010 - 10.000 ) 
    Source Clock Delay      (SCD):    5.311ns
    Clock Pessimism Removal (CPR):    0.275ns
  Clock Uncertainty:      0.035ns  ((TSJ^2 + TIJ^2)^1/2 + DJ) / 2 + PE
    Total System Jitter     (TSJ):    0.071ns
    Total Input Jitter      (TIJ):    0.000ns
    Discrete Jitter          (DJ):    0.000ns
    Phase Error              (PE):    0.000ns

    Location             Delay type                Incr(ns)  Path(ns)    Netlist Resource(s)
  -------------------------------------------------------------------    -------------------
                         (clock sys_clk_pin rise edge)
                                                      0.000     0.000 r  
    E3                                                0.000     0.000 r  clk100mhz (IN)
                         net (fo=0)                   0.000     0.000    clk100mhz
    E3                   IBUF (Prop_ibuf_I_O)         1.482     1.482 r  clk100mhz_IBUF_inst/O
                         net (fo=1, routed)           2.025     3.506    clk100mhz_IBUF
    BUFGCTRL_X0Y16       BUFG (Prop_bufg_I_O)         0.096     3.602 r  clk100mhz_IBUF_BUFG_inst/O
                         net (fo=28, routed)          1.709     5.311    u_div/clk100mhz_IBUF_BUFG
    SLICE_X0Y103         FDRE                                         r  u_div/count_reg[1]/C
  -------------------------------------------------------------------    -------------------
    SLICE_X0Y103         FDRE (Prop_fdre_C_Q)         0.456     5.767 r  u_div/count_reg[1]/Q
                         net (fo=2, routed)           0.551     6.318    u_div/count_reg[1]
    SLICE_X0Y103         CARRY4 (Prop_carry4_S[1]_CO[3])
                                                      0.674     6.992 r  u_div/count_reg[0]_i_1/CO[3]
                         net (fo=1, routed)           0.000     6.992    u_div/count_reg[0]_i_1_n_0
    SLICE_X0Y104         CARRY4 (Prop_carry4_CI_CO[3])
                                                      0.114     7.106 r  u_div/count_reg[4]_i_1/CO[3]
                         net (fo=1, routed)           0.000     7.106    u_div/count_reg[4]_i_1_n_0
    SLICE_X0Y105         CARRY4 (Prop_carry4_CI_CO[3])
                                                      0.114     7.220 r  u_div/count_reg[8]_i_1/CO[3]
                         net (fo=1, routed)           0.000     7.220    u_div/count_reg[8]_i_1_n_0
    SLICE_X0Y106         CARRY4 (Prop_carry4_CI_CO[3])
                                                      0.114     7.334 r  u_div/count_reg[12]_i_1/CO[3]
                         net (fo=1, routed)           0.000     7.334    u_div/count_reg[12]_i_1_n_0
    SLICE_X0Y107         CARRY4 (Prop_carry4_CI_O[3])
                                                      0.313     7.647 r  u_div/count_reg[16]_i_1/O[3]
                         net (fo=1, routed)           0.000     7.647    u_div/count_reg[16]_i_1_n_4
    SLICE_X0Y107         FDRE                                         r  u_div/count_reg[19]/D
  -------------------------------------------------------------------    -------------------

                         (clock sys_clk_pin rise edge)
                                                     10.000    10.000 r  
    E3                                                0.000    10.000 r  clk100mhz (IN)
                         net (fo=0)                   0.000    10.000    clk100mhz
    E3                   IBUF (Prop_ibuf_I_O)         1.411    11.411 r  clk100mhz_IBUF_inst/O
                         net (fo=1, routed)           1.920    13.331    clk100mhz_IBUF
    BUFGCTRL_X0Y16       BUFG (Prop_bufg_I_O)         0.091    13.422 r  clk100mhz_IBUF_BUFG_inst/O
                         net (fo=28, routed)          1.588    15.010    u_div/clk100mhz_IBUF_BUFG
    SLICE_X0Y107         FDRE                                         r  u_div/count_reg[19]/C
                         clock pessimism              0.275    15.285    
                         clock uncertainty           -0.035    15.250    
    SLICE_X0Y107         FDRE (Setup_fdre_C_D)        0.062    15.312    u_div/count_reg[19]
  -------------------------------------------------------------------
                         required time                         15.312    
                         arrival time                          -7.647    
  -------------------------------------------------------------------
                         slack                                  7.665    





Min Delay Paths
--------------------------------------------------------------------------------------
Slack (MET) :             0.265ns  (arrival time - required time)
  Source:                 u_fsm/FSM_sequential_state_reg[1]/C
                            (rising edge-triggered cell FDCE clocked by sys_clk_pin  {rise@0.000ns fall@5.000ns period=10.000ns})
  Destination:            u_fsm/FSM_sequential_state_reg[0]/D
                            (rising edge-triggered cell FDCE clocked by sys_clk_pin  {rise@0.000ns fall@5.000ns period=10.000ns})
  Path Group:             sys_clk_pin
  Path Type:              Hold (Min at Fast Process Corner)
  Requirement:            0.000ns  (sys_clk_pin rise@0.000ns - sys_clk_pin rise@0.000ns)
  Data Path Delay:        0.357ns  (logic 0.186ns (52.172%)  route 0.171ns (47.828%))
  Logic Levels:           1  (LUT6=1)
  Clock Path Skew:        0.000ns (DCD - SCD - CPR)
    Destination Clock Delay (DCD):    2.036ns
    Source Clock Delay      (SCD):    1.517ns
    Clock Pessimism Removal (CPR):    0.518ns

    Location             Delay type                Incr(ns)  Path(ns)    Netlist Resource(s)
  -------------------------------------------------------------------    -------------------
                         (clock sys_clk_pin rise edge)
                                                      0.000     0.000 r  
    E3                                                0.000     0.000 r  clk100mhz (IN)
                         net (fo=0)                   0.000     0.000    clk100mhz
    E3                   IBUF (Prop_ibuf_I_O)         0.250     0.250 r  clk100mhz_IBUF_inst/O
                         net (fo=1, routed)           0.644     0.894    clk100mhz_IBUF
    BUFGCTRL_X0Y16       BUFG (Prop_bufg_I_O)         0.026     0.920 r  clk100mhz_IBUF_BUFG_inst/O
                         net (fo=28, routed)          0.598     1.517    u_fsm/clk100mhz_IBUF_BUFG
    SLICE_X1Y104         FDCE                                         r  u_fsm/FSM_sequential_state_reg[1]/C
  -------------------------------------------------------------------    -------------------
    SLICE_X1Y104         FDCE (Prop_fdce_C_Q)         0.141     1.658 f  u_fsm/FSM_sequential_state_reg[1]/Q
                         net (fo=7, routed)           0.171     1.829    u_fsm/state[1]
    SLICE_X1Y104         LUT6 (Prop_lut6_I3_O)        0.045     1.874 r  u_fsm/FSM_sequential_state[0]_i_1/O
                         net (fo=1, routed)           0.000     1.874    u_fsm/FSM_sequential_state[0]_i_1_n_0
    SLICE_X1Y104         FDCE                                         r  u_fsm/FSM_sequential_state_reg[0]/D
  -------------------------------------------------------------------    -------------------

                         (clock sys_clk_pin rise edge)
                                                      0.000     0.000 r  
    E3                                                0.000     0.000 r  clk100mhz (IN)
                         net (fo=0)                   0.000     0.000    clk100mhz
    E3                   IBUF (Prop_ibuf_I_O)         0.438     0.438 r  clk100mhz_IBUF_inst/O
                         net (fo=1, routed)           0.699     1.136    clk100mhz_IBUF
    BUFGCTRL_X0Y16       BUFG (Prop_bufg_I_O)         0.029     1.165 r  clk100mhz_IBUF_BUFG_inst/O
                         net (fo=28, routed)          0.871     2.036    u_fsm/clk100mhz_IBUF_BUFG
    SLICE_X1Y104         FDCE                                         r  u_fsm/FSM_sequential_state_reg[0]/C
                         clock pessimism             -0.518     1.517    
    SLICE_X1Y104         FDCE (Hold_fdce_C_D)         0.092     1.609    u_fsm/FSM_sequential_state_reg[0]
  -------------------------------------------------------------------
                         required time                         -1.609    
                         arrival time                           1.874    
  -------------------------------------------------------------------
                         slack                                  0.265    

Slack (MET) :             0.280ns  (arrival time - required time)
  Source:                 u_div/count_reg[22]/C
                            (rising edge-triggered cell FDRE clocked by sys_clk_pin  {rise@0.000ns fall@5.000ns period=10.000ns})
  Destination:            u_div/count_reg[22]/D
                            (rising edge-triggered cell FDRE clocked by sys_clk_pin  {rise@0.000ns fall@5.000ns period=10.000ns})
  Path Group:             sys_clk_pin
  Path Type:              Hold (Min at Fast Process Corner)
  Requirement:            0.000ns  (sys_clk_pin rise@0.000ns - sys_clk_pin rise@0.000ns)
  Data Path Delay:        0.385ns  (logic 0.252ns (65.529%)  route 0.133ns (34.471%))
  Logic Levels:           1  (CARRY4=1)
  Clock Path Skew:        0.000ns (DCD - SCD - CPR)
    Destination Clock Delay (DCD):    2.035ns
    Source Clock Delay      (SCD):    1.516ns
    Clock Pessimism Removal (CPR):    0.518ns

    Location             Delay type                Incr(ns)  Path(ns)    Netlist Resource(s)
  -------------------------------------------------------------------    -------------------
                         (clock sys_clk_pin rise edge)
                                                      0.000     0.000 r  
    E3                                                0.000     0.000 r  clk100mhz (IN)
                         net (fo=0)                   0.000     0.000    clk100mhz
    E3                   IBUF (Prop_ibuf_I_O)         0.250     0.250 r  clk100mhz_IBUF_inst/O
                         net (fo=1, routed)           0.644     0.894    clk100mhz_IBUF
    BUFGCTRL_X0Y16       BUFG (Prop_bufg_I_O)         0.026     0.920 r  clk100mhz_IBUF_BUFG_inst/O
                         net (fo=28, routed)          0.597     1.516    u_div/clk100mhz_IBUF_BUFG
    SLICE_X0Y108         FDRE                                         r  u_div/count_reg[22]/C
  -------------------------------------------------------------------    -------------------
    SLICE_X0Y108         FDRE (Prop_fdre_C_Q)         0.141     1.657 r  u_div/count_reg[22]/Q
                         net (fo=2, routed)           0.133     1.790    u_div/count_reg[22]
    SLICE_X0Y108         CARRY4 (Prop_carry4_S[2]_O[2])
                                                      0.111     1.901 r  u_div/count_reg[20]_i_1/O[2]
                         net (fo=1, routed)           0.000     1.901    u_div/count_reg[20]_i_1_n_5
    SLICE_X0Y108         FDRE                                         r  u_div/count_reg[22]/D
  -------------------------------------------------------------------    -------------------

                         (clock sys_clk_pin rise edge)
                                                      0.000     0.000 r  
    E3                                                0.000     0.000 r  clk100mhz (IN)
                         net (fo=0)                   0.000     0.000    clk100mhz
    E3                   IBUF (Prop_ibuf_I_O)         0.438     0.438 r  clk100mhz_IBUF_inst/O
                         net (fo=1, routed)           0.699     1.136    clk100mhz_IBUF
    BUFGCTRL_X0Y16       BUFG (Prop_bufg_I_O)         0.029     1.165 r  clk100mhz_IBUF_BUFG_inst/O
                         net (fo=28, routed)          0.870     2.035    u_div/clk100mhz_IBUF_BUFG
    SLICE_X0Y108         FDRE                                         r  u_div/count_reg[22]/C
                         clock pessimism             -0.518     1.516    
    SLICE_X0Y108         FDRE (Hold_fdre_C_D)         0.105     1.621    u_div/count_reg[22]
  -------------------------------------------------------------------
                         required time                         -1.621    
                         arrival time                           1.901    
  -------------------------------------------------------------------
                         slack                                  0.280    

Slack (MET) :             0.280ns  (arrival time - required time)
  Source:                 u_div/count_reg[10]/C
                            (rising edge-triggered cell FDRE clocked by sys_clk_pin  {rise@0.000ns fall@5.000ns period=10.000ns})
  Destination:            u_div/count_reg[10]/D
                            (rising edge-triggered cell FDRE clocked by sys_clk_pin  {rise@0.000ns fall@5.000ns period=10.000ns})
  Path Group:             sys_clk_pin
  Path Type:              Hold (Min at Fast Process Corner)
  Requirement:            0.000ns  (sys_clk_pin rise@0.000ns - sys_clk_pin rise@0.000ns)
  Data Path Delay:        0.385ns  (logic 0.252ns (65.529%)  route 0.133ns (34.471%))
  Logic Levels:           1  (CARRY4=1)
  Clock Path Skew:        0.000ns (DCD - SCD - CPR)
    Destination Clock Delay (DCD):    2.036ns
    Source Clock Delay      (SCD):    1.517ns
    Clock Pessimism Removal (CPR):    0.518ns

    Location             Delay type                Incr(ns)  Path(ns)    Netlist Resource(s)
  -------------------------------------------------------------------    -------------------
                         (clock sys_clk_pin rise edge)
                                                      0.000     0.000 r  
    E3                                                0.000     0.000 r  clk100mhz (IN)
                         net (fo=0)                   0.000     0.000    clk100mhz
    E3                   IBUF (Prop_ibuf_I_O)         0.250     0.250 r  clk100mhz_IBUF_inst/O
                         net (fo=1, routed)           0.644     0.894    clk100mhz_IBUF
    BUFGCTRL_X0Y16       BUFG (Prop_bufg_I_O)         0.026     0.920 r  clk100mhz_IBUF_BUFG_inst/O
                         net (fo=28, routed)          0.598     1.517    u_div/clk100mhz_IBUF_BUFG
    SLICE_X0Y105         FDRE                                         r  u_div/count_reg[10]/C
  -------------------------------------------------------------------    -------------------
    SLICE_X0Y105         FDRE (Prop_fdre_C_Q)         0.141     1.658 r  u_div/count_reg[10]/Q
                         net (fo=2, routed)           0.133     1.791    u_div/count_reg[10]
    SLICE_X0Y105         CARRY4 (Prop_carry4_S[2]_O[2])
                                                      0.111     1.902 r  u_div/count_reg[8]_i_1/O[2]
                         net (fo=1, routed)           0.000     1.902    u_div/count_reg[8]_i_1_n_5
    SLICE_X0Y105         FDRE                                         r  u_div/count_reg[10]/D
  -------------------------------------------------------------------    -------------------

                         (clock sys_clk_pin rise edge)
                                                      0.000     0.000 r  
    E3                                                0.000     0.000 r  clk100mhz (IN)
                         net (fo=0)                   0.000     0.000    clk100mhz
    E3                   IBUF (Prop_ibuf_I_O)         0.438     0.438 r  clk100mhz_IBUF_inst/O
                         net (fo=1, routed)           0.699     1.136    clk100mhz_IBUF
    BUFGCTRL_X0Y16       BUFG (Prop_bufg_I_O)         0.029     1.165 r  clk100mhz_IBUF_BUFG_inst/O
                         net (fo=28, routed)          0.871     2.036    u_div/clk100mhz_IBUF_BUFG
    SLICE_X0Y105         FDRE                                         r  u_div/count_reg[10]/C
                         clock pessimism             -0.518     1.517    
    SLICE_X0Y105         FDRE (Hold_fdre_C_D)         0.105     1.622    u_div/count_reg[10]
  -------------------------------------------------------------------
                         required time                         -1.622    
                         arrival time                           1.902    
  -------------------------------------------------------------------
                         slack                                  0.280    

Slack (MET) :             0.280ns  (arrival time - required time)
  Source:                 u_div/count_reg[6]/C
                            (rising edge-triggered cell FDRE clocked by sys_clk_pin  {rise@0.000ns fall@5.000ns period=10.000ns})
  Destination:            u_div/count_reg[6]/D
                            (rising edge-triggered cell FDRE clocked by sys_clk_pin  {rise@0.000ns fall@5.000ns period=10.000ns})
  Path Group:             sys_clk_pin
  Path Type:              Hold (Min at Fast Process Corner)
  Requirement:            0.000ns  (sys_clk_pin rise@0.000ns - sys_clk_pin rise@0.000ns)
  Data Path Delay:        0.385ns  (logic 0.252ns (65.529%)  route 0.133ns (34.471%))
  Logic Levels:           1  (CARRY4=1)
  Clock Path Skew:        0.000ns (DCD - SCD - CPR)
    Destination Clock Delay (DCD):    2.036ns
    Source Clock Delay      (SCD):    1.517ns
    Clock Pessimism Removal (CPR):    0.518ns

    Location             Delay type                Incr(ns)  Path(ns)    Netlist Resource(s)
  -------------------------------------------------------------------    -------------------
                         (clock sys_clk_pin rise edge)
                                                      0.000     0.000 r  
    E3                                                0.000     0.000 r  clk100mhz (IN)
                         net (fo=0)                   0.000     0.000    clk100mhz
    E3                   IBUF (Prop_ibuf_I_O)         0.250     0.250 r  clk100mhz_IBUF_inst/O
                         net (fo=1, routed)           0.644     0.894    clk100mhz_IBUF
    BUFGCTRL_X0Y16       BUFG (Prop_bufg_I_O)         0.026     0.920 r  clk100mhz_IBUF_BUFG_inst/O
                         net (fo=28, routed)          0.598     1.517    u_div/clk100mhz_IBUF_BUFG
    SLICE_X0Y104         FDRE                                         r  u_div/count_reg[6]/C
  -------------------------------------------------------------------    -------------------
    SLICE_X0Y104         FDRE (Prop_fdre_C_Q)         0.141     1.658 r  u_div/count_reg[6]/Q
                         net (fo=2, routed)           0.133     1.791    u_div/count_reg[6]
    SLICE_X0Y104         CARRY4 (Prop_carry4_S[2]_O[2])
                                                      0.111     1.902 r  u_div/count_reg[4]_i_1/O[2]
                         net (fo=1, routed)           0.000     1.902    u_div/count_reg[4]_i_1_n_5
    SLICE_X0Y104         FDRE                                         r  u_div/count_reg[6]/D
  -------------------------------------------------------------------    -------------------

                         (clock sys_clk_pin rise edge)
                                                      0.000     0.000 r  
    E3                                                0.000     0.000 r  clk100mhz (IN)
                         net (fo=0)                   0.000     0.000    clk100mhz
    E3                   IBUF (Prop_ibuf_I_O)         0.438     0.438 r  clk100mhz_IBUF_inst/O
                         net (fo=1, routed)           0.699     1.136    clk100mhz_IBUF
    BUFGCTRL_X0Y16       BUFG (Prop_bufg_I_O)         0.029     1.165 r  clk100mhz_IBUF_BUFG_inst/O
                         net (fo=28, routed)          0.871     2.036    u_div/clk100mhz_IBUF_BUFG
    SLICE_X0Y104         FDRE                                         r  u_div/count_reg[6]/C
                         clock pessimism             -0.518     1.517    
    SLICE_X0Y104         FDRE (Hold_fdre_C_D)         0.105     1.622    u_div/count_reg[6]
  -------------------------------------------------------------------
                         required time                         -1.622    
                         arrival time                           1.902    
  -------------------------------------------------------------------
                         slack                                  0.280    

Slack (MET) :             0.280ns  (arrival time - required time)
  Source:                 u_div/count_reg[14]/C
                            (rising edge-triggered cell FDRE clocked by sys_clk_pin  {rise@0.000ns fall@5.000ns period=10.000ns})
  Destination:            u_div/count_reg[14]/D
                            (rising edge-triggered cell FDRE clocked by sys_clk_pin  {rise@0.000ns fall@5.000ns period=10.000ns})
  Path Group:             sys_clk_pin
  Path Type:              Hold (Min at Fast Process Corner)
  Requirement:            0.000ns  (sys_clk_pin rise@0.000ns - sys_clk_pin rise@0.000ns)
  Data Path Delay:        0.385ns  (logic 0.252ns (65.465%)  route 0.133ns (34.535%))
  Logic Levels:           1  (CARRY4=1)
  Clock Path Skew:        0.000ns (DCD - SCD - CPR)
    Destination Clock Delay (DCD):    2.036ns
    Source Clock Delay      (SCD):    1.517ns
    Clock Pessimism Removal (CPR):    0.518ns

    Location             Delay type                Incr(ns)  Path(ns)    Netlist Resource(s)
  -------------------------------------------------------------------    -------------------
                         (clock sys_clk_pin rise edge)
                                                      0.000     0.000 r  
    E3                                                0.000     0.000 r  clk100mhz (IN)
                         net (fo=0)                   0.000     0.000    clk100mhz
    E3                   IBUF (Prop_ibuf_I_O)         0.250     0.250 r  clk100mhz_IBUF_inst/O
                         net (fo=1, routed)           0.644     0.894    clk100mhz_IBUF
    BUFGCTRL_X0Y16       BUFG (Prop_bufg_I_O)         0.026     0.920 r  clk100mhz_IBUF_BUFG_inst/O
                         net (fo=28, routed)          0.598     1.517    u_div/clk100mhz_IBUF_BUFG
    SLICE_X0Y106         FDRE                                         r  u_div/count_reg[14]/C
  -------------------------------------------------------------------    -------------------
    SLICE_X0Y106         FDRE (Prop_fdre_C_Q)         0.141     1.658 r  u_div/count_reg[14]/Q
                         net (fo=2, routed)           0.133     1.791    u_div/count_reg[14]
    SLICE_X0Y106         CARRY4 (Prop_carry4_S[2]_O[2])
                                                      0.111     1.902 r  u_div/count_reg[12]_i_1/O[2]
                         net (fo=1, routed)           0.000     1.902    u_div/count_reg[12]_i_1_n_5
    SLICE_X0Y106         FDRE                                         r  u_div/count_reg[14]/D
  -------------------------------------------------------------------    -------------------

                         (clock sys_clk_pin rise edge)
                                                      0.000     0.000 r  
    E3                                                0.000     0.000 r  clk100mhz (IN)
                         net (fo=0)                   0.000     0.000    clk100mhz
    E3                   IBUF (Prop_ibuf_I_O)         0.438     0.438 r  clk100mhz_IBUF_inst/O
                         net (fo=1, routed)           0.699     1.136    clk100mhz_IBUF
    BUFGCTRL_X0Y16       BUFG (Prop_bufg_I_O)         0.029     1.165 r  clk100mhz_IBUF_BUFG_inst/O
                         net (fo=28, routed)          0.871     2.036    u_div/clk100mhz_IBUF_BUFG
    SLICE_X0Y106         FDRE                                         r  u_div/count_reg[14]/C
                         clock pessimism             -0.518     1.517    
    SLICE_X0Y106         FDRE (Hold_fdre_C_D)         0.105     1.622    u_div/count_reg[14]
  -------------------------------------------------------------------
                         required time                         -1.622    
                         arrival time                           1.902    
  -------------------------------------------------------------------
                         slack                                  0.280    

Slack (MET) :             0.281ns  (arrival time - required time)
  Source:                 u_div/count_reg[18]/C
                            (rising edge-triggered cell FDRE clocked by sys_clk_pin  {rise@0.000ns fall@5.000ns period=10.000ns})
  Destination:            u_div/count_reg[18]/D
                            (rising edge-triggered cell FDRE clocked by sys_clk_pin  {rise@0.000ns fall@5.000ns period=10.000ns})
  Path Group:             sys_clk_pin
  Path Type:              Hold (Min at Fast Process Corner)
  Requirement:            0.000ns  (sys_clk_pin rise@0.000ns - sys_clk_pin rise@0.000ns)
  Data Path Delay:        0.386ns  (logic 0.252ns (65.354%)  route 0.134ns (34.646%))
  Logic Levels:           1  (CARRY4=1)
  Clock Path Skew:        0.000ns (DCD - SCD - CPR)
    Destination Clock Delay (DCD):    2.035ns
    Source Clock Delay      (SCD):    1.516ns
    Clock Pessimism Removal (CPR):    0.518ns

    Location             Delay type                Incr(ns)  Path(ns)    Netlist Resource(s)
  -------------------------------------------------------------------    -------------------
                         (clock sys_clk_pin rise edge)
                                                      0.000     0.000 r  
    E3                                                0.000     0.000 r  clk100mhz (IN)
                         net (fo=0)                   0.000     0.000    clk100mhz
    E3                   IBUF (Prop_ibuf_I_O)         0.250     0.250 r  clk100mhz_IBUF_inst/O
                         net (fo=1, routed)           0.644     0.894    clk100mhz_IBUF
    BUFGCTRL_X0Y16       BUFG (Prop_bufg_I_O)         0.026     0.920 r  clk100mhz_IBUF_BUFG_inst/O
                         net (fo=28, routed)          0.597     1.516    u_div/clk100mhz_IBUF_BUFG
    SLICE_X0Y107         FDRE                                         r  u_div/count_reg[18]/C
  -------------------------------------------------------------------    -------------------
    SLICE_X0Y107         FDRE (Prop_fdre_C_Q)         0.141     1.657 r  u_div/count_reg[18]/Q
                         net (fo=2, routed)           0.134     1.791    u_div/count_reg[18]
    SLICE_X0Y107         CARRY4 (Prop_carry4_S[2]_O[2])
                                                      0.111     1.902 r  u_div/count_reg[16]_i_1/O[2]
                         net (fo=1, routed)           0.000     1.902    u_div/count_reg[16]_i_1_n_5
    SLICE_X0Y107         FDRE                                         r  u_div/count_reg[18]/D
  -------------------------------------------------------------------    -------------------

                         (clock sys_clk_pin rise edge)
                                                      0.000     0.000 r  
    E3                                                0.000     0.000 r  clk100mhz (IN)
                         net (fo=0)                   0.000     0.000    clk100mhz
    E3                   IBUF (Prop_ibuf_I_O)         0.438     0.438 r  clk100mhz_IBUF_inst/O
                         net (fo=1, routed)           0.699     1.136    clk100mhz_IBUF
    BUFGCTRL_X0Y16       BUFG (Prop_bufg_I_O)         0.029     1.165 r  clk100mhz_IBUF_BUFG_inst/O
                         net (fo=28, routed)          0.870     2.035    u_div/clk100mhz_IBUF_BUFG
    SLICE_X0Y107         FDRE                                         r  u_div/count_reg[18]/C
                         clock pessimism             -0.518     1.516    
    SLICE_X0Y107         FDRE (Hold_fdre_C_D)         0.105     1.621    u_div/count_reg[18]
  -------------------------------------------------------------------
                         required time                         -1.621    
                         arrival time                           1.902    
  -------------------------------------------------------------------
                         slack                                  0.281    

Slack (MET) :             0.281ns  (arrival time - required time)
  Source:                 u_div/count_reg[2]/C
                            (rising edge-triggered cell FDRE clocked by sys_clk_pin  {rise@0.000ns fall@5.000ns period=10.000ns})
  Destination:            u_div/count_reg[2]/D
                            (rising edge-triggered cell FDRE clocked by sys_clk_pin  {rise@0.000ns fall@5.000ns period=10.000ns})
  Path Group:             sys_clk_pin
  Path Type:              Hold (Min at Fast Process Corner)
  Requirement:            0.000ns  (sys_clk_pin rise@0.000ns - sys_clk_pin rise@0.000ns)
  Data Path Delay:        0.386ns  (logic 0.252ns (65.354%)  route 0.134ns (34.646%))
  Logic Levels:           1  (CARRY4=1)
  Clock Path Skew:        0.000ns (DCD - SCD - CPR)
    Destination Clock Delay (DCD):    2.036ns
    Source Clock Delay      (SCD):    1.517ns
    Clock Pessimism Removal (CPR):    0.518ns

    Location             Delay type                Incr(ns)  Path(ns)    Netlist Resource(s)
  -------------------------------------------------------------------    -------------------
                         (clock sys_clk_pin rise edge)
                                                      0.000     0.000 r  
    E3                                                0.000     0.000 r  clk100mhz (IN)
                         net (fo=0)                   0.000     0.000    clk100mhz
    E3                   IBUF (Prop_ibuf_I_O)         0.250     0.250 r  clk100mhz_IBUF_inst/O
                         net (fo=1, routed)           0.644     0.894    clk100mhz_IBUF
    BUFGCTRL_X0Y16       BUFG (Prop_bufg_I_O)         0.026     0.920 r  clk100mhz_IBUF_BUFG_inst/O
                         net (fo=28, routed)          0.598     1.517    u_div/clk100mhz_IBUF_BUFG
    SLICE_X0Y103         FDRE                                         r  u_div/count_reg[2]/C
  -------------------------------------------------------------------    -------------------
    SLICE_X0Y103         FDRE (Prop_fdre_C_Q)         0.141     1.658 r  u_div/count_reg[2]/Q
                         net (fo=2, routed)           0.134     1.792    u_div/count_reg[2]
    SLICE_X0Y103         CARRY4 (Prop_carry4_S[2]_O[2])
                                                      0.111     1.903 r  u_div/count_reg[0]_i_1/O[2]
                         net (fo=1, routed)           0.000     1.903    u_div/count_reg[0]_i_1_n_5
    SLICE_X0Y103         FDRE                                         r  u_div/count_reg[2]/D
  -------------------------------------------------------------------    -------------------

                         (clock sys_clk_pin rise edge)
                                                      0.000     0.000 r  
    E3                                                0.000     0.000 r  clk100mhz (IN)
                         net (fo=0)                   0.000     0.000    clk100mhz
    E3                   IBUF (Prop_ibuf_I_O)         0.438     0.438 r  clk100mhz_IBUF_inst/O
                         net (fo=1, routed)           0.699     1.136    clk100mhz_IBUF
    BUFGCTRL_X0Y16       BUFG (Prop_bufg_I_O)         0.029     1.165 r  clk100mhz_IBUF_BUFG_inst/O
                         net (fo=28, routed)          0.871     2.036    u_div/clk100mhz_IBUF_BUFG
    SLICE_X0Y103         FDRE                                         r  u_div/count_reg[2]/C
                         clock pessimism             -0.518     1.517    
    SLICE_X0Y103         FDRE (Hold_fdre_C_D)         0.105     1.622    u_div/count_reg[2]
  -------------------------------------------------------------------
                         required time                         -1.622    
                         arrival time                           1.903    
  -------------------------------------------------------------------
                         slack                                  0.281    

Slack (MET) :             0.286ns  (arrival time - required time)
  Source:                 u_fsm/FSM_sequential_state_reg[1]/C
                            (rising edge-triggered cell FDCE clocked by sys_clk_pin  {rise@0.000ns fall@5.000ns period=10.000ns})
  Destination:            u_fsm/FSM_sequential_state_reg[1]/D
                            (rising edge-triggered cell FDCE clocked by sys_clk_pin  {rise@0.000ns fall@5.000ns period=10.000ns})
  Path Group:             sys_clk_pin
  Path Type:              Hold (Min at Fast Process Corner)
  Requirement:            0.000ns  (sys_clk_pin rise@0.000ns - sys_clk_pin rise@0.000ns)
  Data Path Delay:        0.377ns  (logic 0.186ns (49.274%)  route 0.191ns (50.726%))
  Logic Levels:           1  (LUT6=1)
  Clock Path Skew:        0.000ns (DCD - SCD - CPR)
    Destination Clock Delay (DCD):    2.036ns
    Source Clock Delay      (SCD):    1.517ns
    Clock Pessimism Removal (CPR):    0.518ns

    Location             Delay type                Incr(ns)  Path(ns)    Netlist Resource(s)
  -------------------------------------------------------------------    -------------------
                         (clock sys_clk_pin rise edge)
                                                      0.000     0.000 r  
    E3                                                0.000     0.000 r  clk100mhz (IN)
                         net (fo=0)                   0.000     0.000    clk100mhz
    E3                   IBUF (Prop_ibuf_I_O)         0.250     0.250 r  clk100mhz_IBUF_inst/O
                         net (fo=1, routed)           0.644     0.894    clk100mhz_IBUF
    BUFGCTRL_X0Y16       BUFG (Prop_bufg_I_O)         0.026     0.920 r  clk100mhz_IBUF_BUFG_inst/O
                         net (fo=28, routed)          0.598     1.517    u_fsm/clk100mhz_IBUF_BUFG
    SLICE_X1Y104         FDCE                                         r  u_fsm/FSM_sequential_state_reg[1]/C
  -------------------------------------------------------------------    -------------------
    SLICE_X1Y104         FDCE (Prop_fdce_C_Q)         0.141     1.658 r  u_fsm/FSM_sequential_state_reg[1]/Q
                         net (fo=7, routed)           0.191     1.850    u_fsm/state[1]
    SLICE_X1Y104         LUT6 (Prop_lut6_I5_O)        0.045     1.895 r  u_fsm/FSM_sequential_state[1]_i_1/O
                         net (fo=1, routed)           0.000     1.895    u_fsm/FSM_sequential_state[1]_i_1_n_0
    SLICE_X1Y104         FDCE                                         r  u_fsm/FSM_sequential_state_reg[1]/D
  -------------------------------------------------------------------    -------------------

                         (clock sys_clk_pin rise edge)
                                                      0.000     0.000 r  
    E3                                                0.000     0.000 r  clk100mhz (IN)
                         net (fo=0)                   0.000     0.000    clk100mhz
    E3                   IBUF (Prop_ibuf_I_O)         0.438     0.438 r  clk100mhz_IBUF_inst/O
                         net (fo=1, routed)           0.699     1.136    clk100mhz_IBUF
    BUFGCTRL_X0Y16       BUFG (Prop_bufg_I_O)         0.029     1.165 r  clk100mhz_IBUF_BUFG_inst/O
                         net (fo=28, routed)          0.871     2.036    u_fsm/clk100mhz_IBUF_BUFG
    SLICE_X1Y104         FDCE                                         r  u_fsm/FSM_sequential_state_reg[1]/C
                         clock pessimism             -0.518     1.517    
    SLICE_X1Y104         FDCE (Hold_fdce_C_D)         0.091     1.608    u_fsm/FSM_sequential_state_reg[1]
  -------------------------------------------------------------------
                         required time                         -1.608    
                         arrival time                           1.895    
  -------------------------------------------------------------------
                         slack                                  0.286    

Slack (MET) :             0.287ns  (arrival time - required time)
  Source:                 u_fsm/FSM_sequential_state_reg[1]/C
                            (rising edge-triggered cell FDCE clocked by sys_clk_pin  {rise@0.000ns fall@5.000ns period=10.000ns})
  Destination:            u_fsm/FSM_sequential_state_reg[2]/D
                            (rising edge-triggered cell FDCE clocked by sys_clk_pin  {rise@0.000ns fall@5.000ns period=10.000ns})
  Path Group:             sys_clk_pin
  Path Type:              Hold (Min at Fast Process Corner)
  Requirement:            0.000ns  (sys_clk_pin rise@0.000ns - sys_clk_pin rise@0.000ns)
  Data Path Delay:        0.379ns  (logic 0.186ns (49.015%)  route 0.193ns (50.985%))
  Logic Levels:           1  (LUT6=1)
  Clock Path Skew:        0.000ns (DCD - SCD - CPR)
    Destination Clock Delay (DCD):    2.036ns
    Source Clock Delay      (SCD):    1.517ns
    Clock Pessimism Removal (CPR):    0.518ns

    Location             Delay type                Incr(ns)  Path(ns)    Netlist Resource(s)
  -------------------------------------------------------------------    -------------------
                         (clock sys_clk_pin rise edge)
                                                      0.000     0.000 r  
    E3                                                0.000     0.000 r  clk100mhz (IN)
                         net (fo=0)                   0.000     0.000    clk100mhz
    E3                   IBUF (Prop_ibuf_I_O)         0.250     0.250 r  clk100mhz_IBUF_inst/O
                         net (fo=1, routed)           0.644     0.894    clk100mhz_IBUF
    BUFGCTRL_X0Y16       BUFG (Prop_bufg_I_O)         0.026     0.920 r  clk100mhz_IBUF_BUFG_inst/O
                         net (fo=28, routed)          0.598     1.517    u_fsm/clk100mhz_IBUF_BUFG
    SLICE_X1Y104         FDCE                                         r  u_fsm/FSM_sequential_state_reg[1]/C
  -------------------------------------------------------------------    -------------------
    SLICE_X1Y104         FDCE (Prop_fdce_C_Q)         0.141     1.658 r  u_fsm/FSM_sequential_state_reg[1]/Q
                         net (fo=7, routed)           0.193     1.852    u_fsm/state[1]
    SLICE_X1Y104         LUT6 (Prop_lut6_I3_O)        0.045     1.897 r  u_fsm/FSM_sequential_state[2]_i_1/O
                         net (fo=1, routed)           0.000     1.897    u_fsm/FSM_sequential_state[2]_i_1_n_0
    SLICE_X1Y104         FDCE                                         r  u_fsm/FSM_sequential_state_reg[2]/D
  -------------------------------------------------------------------    -------------------

                         (clock sys_clk_pin rise edge)
                                                      0.000     0.000 r  
    E3                                                0.000     0.000 r  clk100mhz (IN)
                         net (fo=0)                   0.000     0.000    clk100mhz
    E3                   IBUF (Prop_ibuf_I_O)         0.438     0.438 r  clk100mhz_IBUF_inst/O
                         net (fo=1, routed)           0.699     1.136    clk100mhz_IBUF
    BUFGCTRL_X0Y16       BUFG (Prop_bufg_I_O)         0.029     1.165 r  clk100mhz_IBUF_BUFG_inst/O
                         net (fo=28, routed)          0.871     2.036    u_fsm/clk100mhz_IBUF_BUFG
    SLICE_X1Y104         FDCE                                         r  u_fsm/FSM_sequential_state_reg[2]/C
                         clock pessimism             -0.518     1.517    
    SLICE_X1Y104         FDCE (Hold_fdce_C_D)         0.092     1.609    u_fsm/FSM_sequential_state_reg[2]
  -------------------------------------------------------------------
                         required time                         -1.609    
                         arrival time                           1.897    
  -------------------------------------------------------------------
                         slack                                  0.287    

Slack (MET) :             0.313ns  (arrival time - required time)
  Source:                 u_div/count_reg[22]/C
                            (rising edge-triggered cell FDRE clocked by sys_clk_pin  {rise@0.000ns fall@5.000ns period=10.000ns})
  Destination:            u_div/count_reg[23]/D
                            (rising edge-triggered cell FDRE clocked by sys_clk_pin  {rise@0.000ns fall@5.000ns period=10.000ns})
  Path Group:             sys_clk_pin
  Path Type:              Hold (Min at Fast Process Corner)
  Requirement:            0.000ns  (sys_clk_pin rise@0.000ns - sys_clk_pin rise@0.000ns)
  Data Path Delay:        0.418ns  (logic 0.285ns (68.253%)  route 0.133ns (31.747%))
  Logic Levels:           1  (CARRY4=1)
  Clock Path Skew:        0.000ns (DCD - SCD - CPR)
    Destination Clock Delay (DCD):    2.035ns
    Source Clock Delay      (SCD):    1.516ns
    Clock Pessimism Removal (CPR):    0.518ns

    Location             Delay type                Incr(ns)  Path(ns)    Netlist Resource(s)
  -------------------------------------------------------------------    -------------------
                         (clock sys_clk_pin rise edge)
                                                      0.000     0.000 r  
    E3                                                0.000     0.000 r  clk100mhz (IN)
                         net (fo=0)                   0.000     0.000    clk100mhz
    E3                   IBUF (Prop_ibuf_I_O)         0.250     0.250 r  clk100mhz_IBUF_inst/O
                         net (fo=1, routed)           0.644     0.894    clk100mhz_IBUF
    BUFGCTRL_X0Y16       BUFG (Prop_bufg_I_O)         0.026     0.920 r  clk100mhz_IBUF_BUFG_inst/O
                         net (fo=28, routed)          0.597     1.516    u_div/clk100mhz_IBUF_BUFG
    SLICE_X0Y108         FDRE                                         r  u_div/count_reg[22]/C
  -------------------------------------------------------------------    -------------------
    SLICE_X0Y108         FDRE (Prop_fdre_C_Q)         0.141     1.657 r  u_div/count_reg[22]/Q
                         net (fo=2, routed)           0.133     1.790    u_div/count_reg[22]
    SLICE_X0Y108         CARRY4 (Prop_carry4_S[2]_O[3])
                                                      0.144     1.934 r  u_div/count_reg[20]_i_1/O[3]
                         net (fo=1, routed)           0.000     1.934    u_div/count_reg[20]_i_1_n_4
    SLICE_X0Y108         FDRE                                         r  u_div/count_reg[23]/D
  -------------------------------------------------------------------    -------------------

                         (clock sys_clk_pin rise edge)
                                                      0.000     0.000 r  
    E3                                                0.000     0.000 r  clk100mhz (IN)
                         net (fo=0)                   0.000     0.000    clk100mhz
    E3                   IBUF (Prop_ibuf_I_O)         0.438     0.438 r  clk100mhz_IBUF_inst/O
                         net (fo=1, routed)           0.699     1.136    clk100mhz_IBUF
    BUFGCTRL_X0Y16       BUFG (Prop_bufg_I_O)         0.029     1.165 r  clk100mhz_IBUF_BUFG_inst/O
                         net (fo=28, routed)          0.870     2.035    u_div/clk100mhz_IBUF_BUFG
    SLICE_X0Y108         FDRE                                         r  u_div/count_reg[23]/C
                         clock pessimism             -0.518     1.516    
    SLICE_X0Y108         FDRE (Hold_fdre_C_D)         0.105     1.621    u_div/count_reg[23]
  -------------------------------------------------------------------
                         required time                         -1.621    
                         arrival time                           1.934    
  -------------------------------------------------------------------
                         slack                                  0.313    





Pulse Width Checks
--------------------------------------------------------------------------------------
Clock Name:         sys_clk_pin
Waveform(ns):       { 0.000 5.000 }
Period(ns):         10.000
Sources:            { clk100mhz }

Check Type        Corner  Lib Pin  Reference Pin  Required(ns)  Actual(ns)  Slack(ns)  Location        Pin
Min Period        n/a     BUFG/I   n/a            2.155         10.000      7.845      BUFGCTRL_X0Y16  clk100mhz_IBUF_BUFG_inst/I
Min Period        n/a     FDRE/C   n/a            1.000         10.000      9.000      SLICE_X0Y103    u_div/count_reg[0]/C
Min Period        n/a     FDRE/C   n/a            1.000         10.000      9.000      SLICE_X0Y105    u_div/count_reg[10]/C
Min Period        n/a     FDRE/C   n/a            1.000         10.000      9.000      SLICE_X0Y105    u_div/count_reg[11]/C
Min Period        n/a     FDRE/C   n/a            1.000         10.000      9.000      SLICE_X0Y106    u_div/count_reg[12]/C
Min Period        n/a     FDRE/C   n/a            1.000         10.000      9.000      SLICE_X0Y106    u_div/count_reg[13]/C
Min Period        n/a     FDRE/C   n/a            1.000         10.000      9.000      SLICE_X0Y106    u_div/count_reg[14]/C
Min Period        n/a     FDRE/C   n/a            1.000         10.000      9.000      SLICE_X0Y106    u_div/count_reg[15]/C
Min Period        n/a     FDRE/C   n/a            1.000         10.000      9.000      SLICE_X0Y107    u_div/count_reg[16]/C
Min Period        n/a     FDRE/C   n/a            1.000         10.000      9.000      SLICE_X0Y107    u_div/count_reg[17]/C
Low Pulse Width   Slow    FDRE/C   n/a            0.500         5.000       4.500      SLICE_X0Y103    u_div/count_reg[0]/C
Low Pulse Width   Fast    FDRE/C   n/a            0.500         5.000       4.500      SLICE_X0Y103    u_div/count_reg[0]/C
Low Pulse Width   Slow    FDRE/C   n/a            0.500         5.000       4.500      SLICE_X0Y105    u_div/count_reg[10]/C
Low Pulse Width   Fast    FDRE/C   n/a            0.500         5.000       4.500      SLICE_X0Y105    u_div/count_reg[10]/C
Low Pulse Width   Slow    FDRE/C   n/a            0.500         5.000       4.500      SLICE_X0Y105    u_div/count_reg[11]/C
Low Pulse Width   Fast    FDRE/C   n/a            0.500         5.000       4.500      SLICE_X0Y105    u_div/count_reg[11]/C
Low Pulse Width   Slow    FDRE/C   n/a            0.500         5.000       4.500      SLICE_X0Y106    u_div/count_reg[12]/C
Low Pulse Width   Fast    FDRE/C   n/a            0.500         5.000       4.500      SLICE_X0Y106    u_div/count_reg[12]/C
Low Pulse Width   Slow    FDRE/C   n/a            0.500         5.000       4.500      SLICE_X0Y106    u_div/count_reg[13]/C
Low Pulse Width   Fast    FDRE/C   n/a            0.500         5.000       4.500      SLICE_X0Y106    u_div/count_reg[13]/C
High Pulse Width  Slow    FDRE/C   n/a            0.500         5.000       4.500      SLICE_X0Y103    u_div/count_reg[0]/C
High Pulse Width  Fast    FDRE/C   n/a            0.500         5.000       4.500      SLICE_X0Y103    u_div/count_reg[0]/C
High Pulse Width  Slow    FDRE/C   n/a            0.500         5.000       4.500      SLICE_X0Y105    u_div/count_reg[10]/C
High Pulse Width  Fast    FDRE/C   n/a            0.500         5.000       4.500      SLICE_X0Y105    u_div/count_reg[10]/C
High Pulse Width  Slow    FDRE/C   n/a            0.500         5.000       4.500      SLICE_X0Y105    u_div/count_reg[11]/C
High Pulse Width  Fast    FDRE/C   n/a            0.500         5.000       4.500      SLICE_X0Y105    u_div/count_reg[11]/C
High Pulse Width  Slow    FDRE/C   n/a            0.500         5.000       4.500      SLICE_X0Y106    u_div/count_reg[12]/C
High Pulse Width  Fast    FDRE/C   n/a            0.500         5.000       4.500      SLICE_X0Y106    u_div/count_reg[12]/C
High Pulse Width  Slow    FDRE/C   n/a            0.500         5.000       4.500      SLICE_X0Y106    u_div/count_reg[13]/C
High Pulse Width  Fast    FDRE/C   n/a            0.500         5.000       4.500      SLICE_X0Y106    u_div/count_reg[13]/C



--------------------------------------------------------------------------------------
Path Group:  (none)
From Clock:  sys_clk_pin
  To Clock:  

Max Delay             4 Endpoints
Min Delay             4 Endpoints
--------------------------------------------------------------------------------------


Max Delay Paths
--------------------------------------------------------------------------------------
Slack:                    inf
  Source:                 u_fsm/FSM_sequential_state_reg[0]/C
                            (rising edge-triggered cell FDCE clocked by sys_clk_pin  {rise@0.000ns fall@5.000ns period=10.000ns})
  Destination:            led[0]
                            (output port)
  Path Group:             (none)
  Path Type:              Max at Slow Process Corner
  Data Path Delay:        9.353ns  (logic 4.340ns (46.398%)  route 5.013ns (53.602%))
  Logic Levels:           2  (LUT3=1 OBUF=1)
  Clock Uncertainty:      0.025ns  ((TSJ^2 + TIJ^2)^1/2 + DJ) / 2 + PE
    Total System Jitter     (TSJ):    0.050ns
    Total Input Jitter      (TIJ):    0.000ns
    Discrete Jitter          (DJ):    0.000ns
    Phase Error              (PE):    0.000ns

    Location             Delay type                Incr(ns)  Path(ns)    Netlist Resource(s)
  -------------------------------------------------------------------    -------------------
                         (clock sys_clk_pin rise edge)
                                                      0.000     0.000 r  
    E3                                                0.000     0.000 r  clk100mhz (IN)
                         net (fo=0)                   0.000     0.000    clk100mhz
    E3                   IBUF (Prop_ibuf_I_O)         1.482     1.482 r  clk100mhz_IBUF_inst/O
                         net (fo=1, routed)           2.025     3.506    clk100mhz_IBUF
    BUFGCTRL_X0Y16       BUFG (Prop_bufg_I_O)         0.096     3.602 r  clk100mhz_IBUF_BUFG_inst/O
                         net (fo=28, routed)          1.709     5.311    u_fsm/clk100mhz_IBUF_BUFG
    SLICE_X1Y104         FDCE                                         r  u_fsm/FSM_sequential_state_reg[0]/C
  -------------------------------------------------------------------    -------------------
    SLICE_X1Y104         FDCE (Prop_fdce_C_Q)         0.456     5.767 f  u_fsm/FSM_sequential_state_reg[0]/Q
                         net (fo=7, routed)           0.978     6.746    u_fsm/state[0]
    SLICE_X1Y101         LUT3 (Prop_lut3_I2_O)        0.152     6.898 r  u_fsm/led_OBUF[0]_inst_i_1/O
                         net (fo=1, routed)           4.035    10.933    led_OBUF[0]
    H5                   OBUF (Prop_obuf_I_O)         3.732    14.664 r  led_OBUF[0]_inst/O
                         net (fo=0)                   0.000    14.664    led[0]
    H5                                                                r  led[0] (OUT)
  -------------------------------------------------------------------    -------------------

Slack:                    inf
  Source:                 u_fsm/FSM_sequential_state_reg[0]/C
                            (rising edge-triggered cell FDCE clocked by sys_clk_pin  {rise@0.000ns fall@5.000ns period=10.000ns})
  Destination:            led[1]
                            (output port)
  Path Group:             (none)
  Path Type:              Max at Slow Process Corner
  Data Path Delay:        9.229ns  (logic 4.091ns (44.325%)  route 5.138ns (55.675%))
  Logic Levels:           2  (LUT3=1 OBUF=1)
  Clock Uncertainty:      0.025ns  ((TSJ^2 + TIJ^2)^1/2 + DJ) / 2 + PE
    Total System Jitter     (TSJ):    0.050ns
    Total Input Jitter      (TIJ):    0.000ns
    Discrete Jitter          (DJ):    0.000ns
    Phase Error              (PE):    0.000ns

    Location             Delay type                Incr(ns)  Path(ns)    Netlist Resource(s)
  -------------------------------------------------------------------    -------------------
                         (clock sys_clk_pin rise edge)
                                                      0.000     0.000 r  
    E3                                                0.000     0.000 r  clk100mhz (IN)
                         net (fo=0)                   0.000     0.000    clk100mhz
    E3                   IBUF (Prop_ibuf_I_O)         1.482     1.482 r  clk100mhz_IBUF_inst/O
                         net (fo=1, routed)           2.025     3.506    clk100mhz_IBUF
    BUFGCTRL_X0Y16       BUFG (Prop_bufg_I_O)         0.096     3.602 r  clk100mhz_IBUF_BUFG_inst/O
                         net (fo=28, routed)          1.709     5.311    u_fsm/clk100mhz_IBUF_BUFG
    SLICE_X1Y104         FDCE                                         r  u_fsm/FSM_sequential_state_reg[0]/C
  -------------------------------------------------------------------    -------------------
    SLICE_X1Y104         FDCE (Prop_fdce_C_Q)         0.456     5.767 r  u_fsm/FSM_sequential_state_reg[0]/Q
                         net (fo=7, routed)           0.978     6.746    u_fsm/state[0]
    SLICE_X1Y101         LUT3 (Prop_lut3_I0_O)        0.124     6.870 r  u_fsm/led_OBUF[1]_inst_i_1/O
                         net (fo=1, routed)           4.160    11.029    led_OBUF[1]
    J5                   OBUF (Prop_obuf_I_O)         3.511    14.540 r  led_OBUF[1]_inst/O
                         net (fo=0)                   0.000    14.540    led[1]
    J5                                                                r  led[1] (OUT)
  -------------------------------------------------------------------    -------------------

Slack:                    inf
  Source:                 u_fsm/FSM_sequential_state_reg[0]/C
                            (rising edge-triggered cell FDCE clocked by sys_clk_pin  {rise@0.000ns fall@5.000ns period=10.000ns})
  Destination:            led[2]
                            (output port)
  Path Group:             (none)
  Path Type:              Max at Slow Process Corner
  Data Path Delay:        8.852ns  (logic 4.390ns (49.598%)  route 4.462ns (50.402%))
  Logic Levels:           2  (LUT2=1 OBUF=1)
  Clock Uncertainty:      0.025ns  ((TSJ^2 + TIJ^2)^1/2 + DJ) / 2 + PE
    Total System Jitter     (TSJ):    0.050ns
    Total Input Jitter      (TIJ):    0.000ns
    Discrete Jitter          (DJ):    0.000ns
    Phase Error              (PE):    0.000ns

    Location             Delay type                Incr(ns)  Path(ns)    Netlist Resource(s)
  -------------------------------------------------------------------    -------------------
                         (clock sys_clk_pin rise edge)
                                                      0.000     0.000 r  
    E3                                                0.000     0.000 r  clk100mhz (IN)
                         net (fo=0)                   0.000     0.000    clk100mhz
    E3                   IBUF (Prop_ibuf_I_O)         1.482     1.482 r  clk100mhz_IBUF_inst/O
                         net (fo=1, routed)           2.025     3.506    clk100mhz_IBUF
    BUFGCTRL_X0Y16       BUFG (Prop_bufg_I_O)         0.096     3.602 r  clk100mhz_IBUF_BUFG_inst/O
                         net (fo=28, routed)          1.709     5.311    u_fsm/clk100mhz_IBUF_BUFG
    SLICE_X1Y104         FDCE                                         r  u_fsm/FSM_sequential_state_reg[0]/C
  -------------------------------------------------------------------    -------------------
    SLICE_X1Y104         FDCE (Prop_fdce_C_Q)         0.456     5.767 r  u_fsm/FSM_sequential_state_reg[0]/Q
                         net (fo=7, routed)           0.980     6.748    u_fsm/state[0]
    SLICE_X1Y101         LUT2 (Prop_lut2_I0_O)        0.152     6.900 r  u_fsm/led_OBUF[2]_inst_i_1/O
                         net (fo=1, routed)           3.481    10.381    led_OBUF[2]
    T9                   OBUF (Prop_obuf_I_O)         3.782    14.163 r  led_OBUF[2]_inst/O
                         net (fo=0)                   0.000    14.163    led[2]
    T9                                                                r  led[2] (OUT)
  -------------------------------------------------------------------    -------------------

Slack:                    inf
  Source:                 u_fsm/FSM_sequential_state_reg[0]/C
                            (rising edge-triggered cell FDCE clocked by sys_clk_pin  {rise@0.000ns fall@5.000ns period=10.000ns})
  Destination:            led[3]
                            (output port)
  Path Group:             (none)
  Path Type:              Max at Slow Process Corner
  Data Path Delay:        8.463ns  (logic 4.157ns (49.122%)  route 4.306ns (50.878%))
  Logic Levels:           2  (LUT2=1 OBUF=1)
  Clock Uncertainty:      0.025ns  ((TSJ^2 + TIJ^2)^1/2 + DJ) / 2 + PE
    Total System Jitter     (TSJ):    0.050ns
    Total Input Jitter      (TIJ):    0.000ns
    Discrete Jitter          (DJ):    0.000ns
    Phase Error              (PE):    0.000ns

    Location             Delay type                Incr(ns)  Path(ns)    Netlist Resource(s)
  -------------------------------------------------------------------    -------------------
                         (clock sys_clk_pin rise edge)
                                                      0.000     0.000 r  
    E3                                                0.000     0.000 r  clk100mhz (IN)
                         net (fo=0)                   0.000     0.000    clk100mhz
    E3                   IBUF (Prop_ibuf_I_O)         1.482     1.482 r  clk100mhz_IBUF_inst/O
                         net (fo=1, routed)           2.025     3.506    clk100mhz_IBUF
    BUFGCTRL_X0Y16       BUFG (Prop_bufg_I_O)         0.096     3.602 r  clk100mhz_IBUF_BUFG_inst/O
                         net (fo=28, routed)          1.709     5.311    u_fsm/clk100mhz_IBUF_BUFG
    SLICE_X1Y104         FDCE                                         r  u_fsm/FSM_sequential_state_reg[0]/C
  -------------------------------------------------------------------    -------------------
    SLICE_X1Y104         FDCE (Prop_fdce_C_Q)         0.456     5.767 f  u_fsm/FSM_sequential_state_reg[0]/Q
                         net (fo=7, routed)           0.980     6.748    u_fsm/state[0]
    SLICE_X1Y101         LUT2 (Prop_lut2_I1_O)        0.124     6.872 r  u_fsm/led_OBUF[3]_inst_i_1/O
                         net (fo=1, routed)           3.325    10.197    led_OBUF[3]
    T10                  OBUF (Prop_obuf_I_O)         3.577    13.774 r  led_OBUF[3]_inst/O
                         net (fo=0)                   0.000    13.774    led[3]
    T10                                                               r  led[3] (OUT)
  -------------------------------------------------------------------    -------------------





Min Delay Paths
--------------------------------------------------------------------------------------
Slack:                    inf
  Source:                 u_fsm/FSM_sequential_state_reg[1]/C
                            (rising edge-triggered cell FDCE clocked by sys_clk_pin  {rise@0.000ns fall@5.000ns period=10.000ns})
  Destination:            led[3]
                            (output port)
  Path Group:             (none)
  Path Type:              Min at Fast Process Corner
  Data Path Delay:        2.759ns  (logic 1.463ns (53.034%)  route 1.296ns (46.966%))
  Logic Levels:           2  (LUT2=1 OBUF=1)
  Clock Uncertainty:      0.025ns  ((TSJ^2 + TIJ^2)^1/2 + DJ) / 2 + PE
    Total System Jitter     (TSJ):    0.050ns
    Total Input Jitter      (TIJ):    0.000ns
    Discrete Jitter          (DJ):    0.000ns
    Phase Error              (PE):    0.000ns

    Location             Delay type                Incr(ns)  Path(ns)    Netlist Resource(s)
  -------------------------------------------------------------------    -------------------
                         (clock sys_clk_pin rise edge)
                                                      0.000     0.000 r  
    E3                                                0.000     0.000 r  clk100mhz (IN)
                         net (fo=0)                   0.000     0.000    clk100mhz
    E3                   IBUF (Prop_ibuf_I_O)         0.250     0.250 r  clk100mhz_IBUF_inst/O
                         net (fo=1, routed)           0.644     0.894    clk100mhz_IBUF
    BUFGCTRL_X0Y16       BUFG (Prop_bufg_I_O)         0.026     0.920 r  clk100mhz_IBUF_BUFG_inst/O
                         net (fo=28, routed)          0.598     1.517    u_fsm/clk100mhz_IBUF_BUFG
    SLICE_X1Y104         FDCE                                         r  u_fsm/FSM_sequential_state_reg[1]/C
  -------------------------------------------------------------------    -------------------
    SLICE_X1Y104         FDCE (Prop_fdce_C_Q)         0.141     1.658 r  u_fsm/FSM_sequential_state_reg[1]/Q
                         net (fo=7, routed)           0.241     1.899    u_fsm/state[1]
    SLICE_X1Y101         LUT2 (Prop_lut2_I0_O)        0.045     1.944 r  u_fsm/led_OBUF[3]_inst_i_1/O
                         net (fo=1, routed)           1.055     2.999    led_OBUF[3]
    T10                  OBUF (Prop_obuf_I_O)         1.277     4.277 r  led_OBUF[3]_inst/O
                         net (fo=0)                   0.000     4.277    led[3]
    T10                                                               r  led[3] (OUT)
  -------------------------------------------------------------------    -------------------

Slack:                    inf
  Source:                 u_fsm/FSM_sequential_state_reg[1]/C
                            (rising edge-triggered cell FDCE clocked by sys_clk_pin  {rise@0.000ns fall@5.000ns period=10.000ns})
  Destination:            led[2]
                            (output port)
  Path Group:             (none)
  Path Type:              Min at Fast Process Corner
  Data Path Delay:        2.871ns  (logic 1.532ns (53.359%)  route 1.339ns (46.641%))
  Logic Levels:           2  (LUT2=1 OBUF=1)
  Clock Uncertainty:      0.025ns  ((TSJ^2 + TIJ^2)^1/2 + DJ) / 2 + PE
    Total System Jitter     (TSJ):    0.050ns
    Total Input Jitter      (TIJ):    0.000ns
    Discrete Jitter          (DJ):    0.000ns
    Phase Error              (PE):    0.000ns

    Location             Delay type                Incr(ns)  Path(ns)    Netlist Resource(s)
  -------------------------------------------------------------------    -------------------
                         (clock sys_clk_pin rise edge)
                                                      0.000     0.000 r  
    E3                                                0.000     0.000 r  clk100mhz (IN)
                         net (fo=0)                   0.000     0.000    clk100mhz
    E3                   IBUF (Prop_ibuf_I_O)         0.250     0.250 r  clk100mhz_IBUF_inst/O
                         net (fo=1, routed)           0.644     0.894    clk100mhz_IBUF
    BUFGCTRL_X0Y16       BUFG (Prop_bufg_I_O)         0.026     0.920 r  clk100mhz_IBUF_BUFG_inst/O
                         net (fo=28, routed)          0.598     1.517    u_fsm/clk100mhz_IBUF_BUFG
    SLICE_X1Y104         FDCE                                         r  u_fsm/FSM_sequential_state_reg[1]/C
  -------------------------------------------------------------------    -------------------
    SLICE_X1Y104         FDCE (Prop_fdce_C_Q)         0.141     1.658 r  u_fsm/FSM_sequential_state_reg[1]/Q
                         net (fo=7, routed)           0.241     1.899    u_fsm/state[1]
    SLICE_X1Y101         LUT2 (Prop_lut2_I1_O)        0.049     1.948 r  u_fsm/led_OBUF[2]_inst_i_1/O
                         net (fo=1, routed)           1.098     3.046    led_OBUF[2]
    T9                   OBUF (Prop_obuf_I_O)         1.342     4.388 r  led_OBUF[2]_inst/O
                         net (fo=0)                   0.000     4.388    led[2]
    T9                                                                r  led[2] (OUT)
  -------------------------------------------------------------------    -------------------

Slack:                    inf
  Source:                 u_fsm/FSM_sequential_state_reg[1]/C
                            (rising edge-triggered cell FDCE clocked by sys_clk_pin  {rise@0.000ns fall@5.000ns period=10.000ns})
  Destination:            led[1]
                            (output port)
  Path Group:             (none)
  Path Type:              Min at Fast Process Corner
  Data Path Delay:        3.205ns  (logic 1.398ns (43.607%)  route 1.807ns (56.393%))
  Logic Levels:           2  (LUT3=1 OBUF=1)
  Clock Uncertainty:      0.025ns  ((TSJ^2 + TIJ^2)^1/2 + DJ) / 2 + PE
    Total System Jitter     (TSJ):    0.050ns
    Total Input Jitter      (TIJ):    0.000ns
    Discrete Jitter          (DJ):    0.000ns
    Phase Error              (PE):    0.000ns

    Location             Delay type                Incr(ns)  Path(ns)    Netlist Resource(s)
  -------------------------------------------------------------------    -------------------
                         (clock sys_clk_pin rise edge)
                                                      0.000     0.000 r  
    E3                                                0.000     0.000 r  clk100mhz (IN)
                         net (fo=0)                   0.000     0.000    clk100mhz
    E3                   IBUF (Prop_ibuf_I_O)         0.250     0.250 r  clk100mhz_IBUF_inst/O
                         net (fo=1, routed)           0.644     0.894    clk100mhz_IBUF
    BUFGCTRL_X0Y16       BUFG (Prop_bufg_I_O)         0.026     0.920 r  clk100mhz_IBUF_BUFG_inst/O
                         net (fo=28, routed)          0.598     1.517    u_fsm/clk100mhz_IBUF_BUFG
    SLICE_X1Y104         FDCE                                         r  u_fsm/FSM_sequential_state_reg[1]/C
  -------------------------------------------------------------------    -------------------
    SLICE_X1Y104         FDCE (Prop_fdce_C_Q)         0.141     1.658 r  u_fsm/FSM_sequential_state_reg[1]/Q
                         net (fo=7, routed)           0.293     1.951    u_fsm/state[1]
    SLICE_X1Y101         LUT3 (Prop_lut3_I1_O)        0.045     1.996 r  u_fsm/led_OBUF[1]_inst_i_1/O
                         net (fo=1, routed)           1.515     3.511    led_OBUF[1]
    J5                   OBUF (Prop_obuf_I_O)         1.212     4.723 r  led_OBUF[1]_inst/O
                         net (fo=0)                   0.000     4.723    led[1]
    J5                                                                r  led[1] (OUT)
  -------------------------------------------------------------------    -------------------

Slack:                    inf
  Source:                 u_fsm/FSM_sequential_state_reg[1]/C
                            (rising edge-triggered cell FDCE clocked by sys_clk_pin  {rise@0.000ns fall@5.000ns period=10.000ns})
  Destination:            led[0]
                            (output port)
  Path Group:             (none)
  Path Type:              Min at Fast Process Corner
  Data Path Delay:        3.266ns  (logic 1.480ns (45.297%)  route 1.787ns (54.703%))
  Logic Levels:           2  (LUT3=1 OBUF=1)
  Clock Uncertainty:      0.025ns  ((TSJ^2 + TIJ^2)^1/2 + DJ) / 2 + PE
    Total System Jitter     (TSJ):    0.050ns
    Total Input Jitter      (TIJ):    0.000ns
    Discrete Jitter          (DJ):    0.000ns
    Phase Error              (PE):    0.000ns

    Location             Delay type                Incr(ns)  Path(ns)    Netlist Resource(s)
  -------------------------------------------------------------------    -------------------
                         (clock sys_clk_pin rise edge)
                                                      0.000     0.000 r  
    E3                                                0.000     0.000 r  clk100mhz (IN)
                         net (fo=0)                   0.000     0.000    clk100mhz
    E3                   IBUF (Prop_ibuf_I_O)         0.250     0.250 r  clk100mhz_IBUF_inst/O
                         net (fo=1, routed)           0.644     0.894    clk100mhz_IBUF
    BUFGCTRL_X0Y16       BUFG (Prop_bufg_I_O)         0.026     0.920 r  clk100mhz_IBUF_BUFG_inst/O
                         net (fo=28, routed)          0.598     1.517    u_fsm/clk100mhz_IBUF_BUFG
    SLICE_X1Y104         FDCE                                         r  u_fsm/FSM_sequential_state_reg[1]/C
  -------------------------------------------------------------------    -------------------
    SLICE_X1Y104         FDCE (Prop_fdce_C_Q)         0.141     1.658 r  u_fsm/FSM_sequential_state_reg[1]/Q
                         net (fo=7, routed)           0.293     1.951    u_fsm/state[1]
    SLICE_X1Y101         LUT3 (Prop_lut3_I1_O)        0.046     1.997 r  u_fsm/led_OBUF[0]_inst_i_1/O
                         net (fo=1, routed)           1.494     3.491    led_OBUF[0]
    H5                   OBUF (Prop_obuf_I_O)         1.293     4.784 r  led_OBUF[0]_inst/O
                         net (fo=0)                   0.000     4.784    led[0]
    H5                                                                r  led[0] (OUT)
  -------------------------------------------------------------------    -------------------





--------------------------------------------------------------------------------------
Path Group:  (none)
From Clock:  
  To Clock:  sys_clk_pin

Max Delay            31 Endpoints
Min Delay            31 Endpoints
--------------------------------------------------------------------------------------


Max Delay Paths
--------------------------------------------------------------------------------------
Slack:                    inf
  Source:                 btn[3]
                            (input port)
  Destination:            u_div/count_reg[0]/R
                            (rising edge-triggered cell FDRE clocked by sys_clk_pin  {rise@0.000ns fall@5.000ns period=10.000ns})
  Path Group:             (none)
  Path Type:              Setup (Max at Slow Process Corner)
  Data Path Delay:        5.799ns  (logic 1.535ns (26.464%)  route 4.265ns (73.536%))
  Logic Levels:           1  (IBUF=1)
  Clock Path Skew:        5.011ns (DCD - SCD + CPR)
    Destination Clock Delay (DCD):    5.011ns
    Source Clock Delay      (SCD):    0.000ns
    Clock Pessimism Removal (CPR):    0.000ns
  Clock Uncertainty:      0.025ns  ((TSJ^2 + TIJ^2)^1/2 + DJ) / 2 + PE
    Total System Jitter     (TSJ):    0.050ns
    Total Input Jitter      (TIJ):    0.000ns
    Discrete Jitter          (DJ):    0.000ns
    Phase Error              (PE):    0.000ns

    Location             Delay type                Incr(ns)  Path(ns)    Netlist Resource(s)
  -------------------------------------------------------------------    -------------------
    B8                                                0.000     0.000 r  btn[3] (IN)
                         net (fo=0)                   0.000     0.000    btn[3]
    B8                   IBUF (Prop_ibuf_I_O)         1.535     1.535 r  btn_IBUF[3]_inst/O
                         net (fo=28, routed)          4.265     5.799    u_div/btn_IBUF[0]
    SLICE_X0Y103         FDRE                                         r  u_div/count_reg[0]/R
  -------------------------------------------------------------------    -------------------

                         (clock sys_clk_pin rise edge)
                                                      0.000     0.000 r  
    E3                                                0.000     0.000 r  clk100mhz (IN)
                         net (fo=0)                   0.000     0.000    clk100mhz
    E3                   IBUF (Prop_ibuf_I_O)         1.411     1.411 r  clk100mhz_IBUF_inst/O
                         net (fo=1, routed)           1.920     3.331    clk100mhz_IBUF
    BUFGCTRL_X0Y16       BUFG (Prop_bufg_I_O)         0.091     3.422 r  clk100mhz_IBUF_BUFG_inst/O
                         net (fo=28, routed)          1.589     5.011    u_div/clk100mhz_IBUF_BUFG
    SLICE_X0Y103         FDRE                                         r  u_div/count_reg[0]/C

Slack:                    inf
  Source:                 btn[3]
                            (input port)
  Destination:            u_div/count_reg[1]/R
                            (rising edge-triggered cell FDRE clocked by sys_clk_pin  {rise@0.000ns fall@5.000ns period=10.000ns})
  Path Group:             (none)
  Path Type:              Setup (Max at Slow Process Corner)
  Data Path Delay:        5.799ns  (logic 1.535ns (26.464%)  route 4.265ns (73.536%))
  Logic Levels:           1  (IBUF=1)
  Clock Path Skew:        5.011ns (DCD - SCD + CPR)
    Destination Clock Delay (DCD):    5.011ns
    Source Clock Delay      (SCD):    0.000ns
    Clock Pessimism Removal (CPR):    0.000ns
  Clock Uncertainty:      0.025ns  ((TSJ^2 + TIJ^2)^1/2 + DJ) / 2 + PE
    Total System Jitter     (TSJ):    0.050ns
    Total Input Jitter      (TIJ):    0.000ns
    Discrete Jitter          (DJ):    0.000ns
    Phase Error              (PE):    0.000ns

    Location             Delay type                Incr(ns)  Path(ns)    Netlist Resource(s)
  -------------------------------------------------------------------    -------------------
    B8                                                0.000     0.000 r  btn[3] (IN)
                         net (fo=0)                   0.000     0.000    btn[3]
    B8                   IBUF (Prop_ibuf_I_O)         1.535     1.535 r  btn_IBUF[3]_inst/O
                         net (fo=28, routed)          4.265     5.799    u_div/btn_IBUF[0]
    SLICE_X0Y103         FDRE                                         r  u_div/count_reg[1]/R
  -------------------------------------------------------------------    -------------------

                         (clock sys_clk_pin rise edge)
                                                      0.000     0.000 r  
    E3                                                0.000     0.000 r  clk100mhz (IN)
                         net (fo=0)                   0.000     0.000    clk100mhz
    E3                   IBUF (Prop_ibuf_I_O)         1.411     1.411 r  clk100mhz_IBUF_inst/O
                         net (fo=1, routed)           1.920     3.331    clk100mhz_IBUF
    BUFGCTRL_X0Y16       BUFG (Prop_bufg_I_O)         0.091     3.422 r  clk100mhz_IBUF_BUFG_inst/O
                         net (fo=28, routed)          1.589     5.011    u_div/clk100mhz_IBUF_BUFG
    SLICE_X0Y103         FDRE                                         r  u_div/count_reg[1]/C

Slack:                    inf
  Source:                 btn[3]
                            (input port)
  Destination:            u_div/count_reg[2]/R
                            (rising edge-triggered cell FDRE clocked by sys_clk_pin  {rise@0.000ns fall@5.000ns period=10.000ns})
  Path Group:             (none)
  Path Type:              Setup (Max at Slow Process Corner)
  Data Path Delay:        5.799ns  (logic 1.535ns (26.464%)  route 4.265ns (73.536%))
  Logic Levels:           1  (IBUF=1)
  Clock Path Skew:        5.011ns (DCD - SCD + CPR)
    Destination Clock Delay (DCD):    5.011ns
    Source Clock Delay      (SCD):    0.000ns
    Clock Pessimism Removal (CPR):    0.000ns
  Clock Uncertainty:      0.025ns  ((TSJ^2 + TIJ^2)^1/2 + DJ) / 2 + PE
    Total System Jitter     (TSJ):    0.050ns
    Total Input Jitter      (TIJ):    0.000ns
    Discrete Jitter          (DJ):    0.000ns
    Phase Error              (PE):    0.000ns

    Location             Delay type                Incr(ns)  Path(ns)    Netlist Resource(s)
  -------------------------------------------------------------------    -------------------
    B8                                                0.000     0.000 r  btn[3] (IN)
                         net (fo=0)                   0.000     0.000    btn[3]
    B8                   IBUF (Prop_ibuf_I_O)         1.535     1.535 r  btn_IBUF[3]_inst/O
                         net (fo=28, routed)          4.265     5.799    u_div/btn_IBUF[0]
    SLICE_X0Y103         FDRE                                         r  u_div/count_reg[2]/R
  -------------------------------------------------------------------    -------------------

                         (clock sys_clk_pin rise edge)
                                                      0.000     0.000 r  
    E3                                                0.000     0.000 r  clk100mhz (IN)
                         net (fo=0)                   0.000     0.000    clk100mhz
    E3                   IBUF (Prop_ibuf_I_O)         1.411     1.411 r  clk100mhz_IBUF_inst/O
                         net (fo=1, routed)           1.920     3.331    clk100mhz_IBUF
    BUFGCTRL_X0Y16       BUFG (Prop_bufg_I_O)         0.091     3.422 r  clk100mhz_IBUF_BUFG_inst/O
                         net (fo=28, routed)          1.589     5.011    u_div/clk100mhz_IBUF_BUFG
    SLICE_X0Y103         FDRE                                         r  u_div/count_reg[2]/C

Slack:                    inf
  Source:                 btn[3]
                            (input port)
  Destination:            u_div/count_reg[3]/R
                            (rising edge-triggered cell FDRE clocked by sys_clk_pin  {rise@0.000ns fall@5.000ns period=10.000ns})
  Path Group:             (none)
  Path Type:              Setup (Max at Slow Process Corner)
  Data Path Delay:        5.799ns  (logic 1.535ns (26.464%)  route 4.265ns (73.536%))
  Logic Levels:           1  (IBUF=1)
  Clock Path Skew:        5.011ns (DCD - SCD + CPR)
    Destination Clock Delay (DCD):    5.011ns
    Source Clock Delay      (SCD):    0.000ns
    Clock Pessimism Removal (CPR):    0.000ns
  Clock Uncertainty:      0.025ns  ((TSJ^2 + TIJ^2)^1/2 + DJ) / 2 + PE
    Total System Jitter     (TSJ):    0.050ns
    Total Input Jitter      (TIJ):    0.000ns
    Discrete Jitter          (DJ):    0.000ns
    Phase Error              (PE):    0.000ns

    Location             Delay type                Incr(ns)  Path(ns)    Netlist Resource(s)
  -------------------------------------------------------------------    -------------------
    B8                                                0.000     0.000 r  btn[3] (IN)
                         net (fo=0)                   0.000     0.000    btn[3]
    B8                   IBUF (Prop_ibuf_I_O)         1.535     1.535 r  btn_IBUF[3]_inst/O
                         net (fo=28, routed)          4.265     5.799    u_div/btn_IBUF[0]
    SLICE_X0Y103         FDRE                                         r  u_div/count_reg[3]/R
  -------------------------------------------------------------------    -------------------

                         (clock sys_clk_pin rise edge)
                                                      0.000     0.000 r  
    E3                                                0.000     0.000 r  clk100mhz (IN)
                         net (fo=0)                   0.000     0.000    clk100mhz
    E3                   IBUF (Prop_ibuf_I_O)         1.411     1.411 r  clk100mhz_IBUF_inst/O
                         net (fo=1, routed)           1.920     3.331    clk100mhz_IBUF
    BUFGCTRL_X0Y16       BUFG (Prop_bufg_I_O)         0.091     3.422 r  clk100mhz_IBUF_BUFG_inst/O
                         net (fo=28, routed)          1.589     5.011    u_div/clk100mhz_IBUF_BUFG
    SLICE_X0Y103         FDRE                                         r  u_div/count_reg[3]/C

Slack:                    inf
  Source:                 btn[3]
                            (input port)
  Destination:            u_div/count_reg[4]/R
                            (rising edge-triggered cell FDRE clocked by sys_clk_pin  {rise@0.000ns fall@5.000ns period=10.000ns})
  Path Group:             (none)
  Path Type:              Setup (Max at Slow Process Corner)
  Data Path Delay:        5.669ns  (logic 1.535ns (27.072%)  route 4.134ns (72.928%))
  Logic Levels:           1  (IBUF=1)
  Clock Path Skew:        5.011ns (DCD - SCD + CPR)
    Destination Clock Delay (DCD):    5.011ns
    Source Clock Delay      (SCD):    0.000ns
    Clock Pessimism Removal (CPR):    0.000ns
  Clock Uncertainty:      0.025ns  ((TSJ^2 + TIJ^2)^1/2 + DJ) / 2 + PE
    Total System Jitter     (TSJ):    0.050ns
    Total Input Jitter      (TIJ):    0.000ns
    Discrete Jitter          (DJ):    0.000ns
    Phase Error              (PE):    0.000ns

    Location             Delay type                Incr(ns)  Path(ns)    Netlist Resource(s)
  -------------------------------------------------------------------    -------------------
    B8                                                0.000     0.000 r  btn[3] (IN)
                         net (fo=0)                   0.000     0.000    btn[3]
    B8                   IBUF (Prop_ibuf_I_O)         1.535     1.535 r  btn_IBUF[3]_inst/O
                         net (fo=28, routed)          4.134     5.669    u_div/btn_IBUF[0]
    SLICE_X0Y104         FDRE                                         r  u_div/count_reg[4]/R
  -------------------------------------------------------------------    -------------------

                         (clock sys_clk_pin rise edge)
                                                      0.000     0.000 r  
    E3                                                0.000     0.000 r  clk100mhz (IN)
                         net (fo=0)                   0.000     0.000    clk100mhz
    E3                   IBUF (Prop_ibuf_I_O)         1.411     1.411 r  clk100mhz_IBUF_inst/O
                         net (fo=1, routed)           1.920     3.331    clk100mhz_IBUF
    BUFGCTRL_X0Y16       BUFG (Prop_bufg_I_O)         0.091     3.422 r  clk100mhz_IBUF_BUFG_inst/O
                         net (fo=28, routed)          1.589     5.011    u_div/clk100mhz_IBUF_BUFG
    SLICE_X0Y104         FDRE                                         r  u_div/count_reg[4]/C

Slack:                    inf
  Source:                 btn[3]
                            (input port)
  Destination:            u_div/count_reg[5]/R
                            (rising edge-triggered cell FDRE clocked by sys_clk_pin  {rise@0.000ns fall@5.000ns period=10.000ns})
  Path Group:             (none)
  Path Type:              Setup (Max at Slow Process Corner)
  Data Path Delay:        5.669ns  (logic 1.535ns (27.072%)  route 4.134ns (72.928%))
  Logic Levels:           1  (IBUF=1)
  Clock Path Skew:        5.011ns (DCD - SCD + CPR)
    Destination Clock Delay (DCD):    5.011ns
    Source Clock Delay      (SCD):    0.000ns
    Clock Pessimism Removal (CPR):    0.000ns
  Clock Uncertainty:      0.025ns  ((TSJ^2 + TIJ^2)^1/2 + DJ) / 2 + PE
    Total System Jitter     (TSJ):    0.050ns
    Total Input Jitter      (TIJ):    0.000ns
    Discrete Jitter          (DJ):    0.000ns
    Phase Error              (PE):    0.000ns

    Location             Delay type                Incr(ns)  Path(ns)    Netlist Resource(s)
  -------------------------------------------------------------------    -------------------
    B8                                                0.000     0.000 r  btn[3] (IN)
                         net (fo=0)                   0.000     0.000    btn[3]
    B8                   IBUF (Prop_ibuf_I_O)         1.535     1.535 r  btn_IBUF[3]_inst/O
                         net (fo=28, routed)          4.134     5.669    u_div/btn_IBUF[0]
    SLICE_X0Y104         FDRE                                         r  u_div/count_reg[5]/R
  -------------------------------------------------------------------    -------------------

                         (clock sys_clk_pin rise edge)
                                                      0.000     0.000 r  
    E3                                                0.000     0.000 r  clk100mhz (IN)
                         net (fo=0)                   0.000     0.000    clk100mhz
    E3                   IBUF (Prop_ibuf_I_O)         1.411     1.411 r  clk100mhz_IBUF_inst/O
                         net (fo=1, routed)           1.920     3.331    clk100mhz_IBUF
    BUFGCTRL_X0Y16       BUFG (Prop_bufg_I_O)         0.091     3.422 r  clk100mhz_IBUF_BUFG_inst/O
                         net (fo=28, routed)          1.589     5.011    u_div/clk100mhz_IBUF_BUFG
    SLICE_X0Y104         FDRE                                         r  u_div/count_reg[5]/C

Slack:                    inf
  Source:                 btn[3]
                            (input port)
  Destination:            u_div/count_reg[6]/R
                            (rising edge-triggered cell FDRE clocked by sys_clk_pin  {rise@0.000ns fall@5.000ns period=10.000ns})
  Path Group:             (none)
  Path Type:              Setup (Max at Slow Process Corner)
  Data Path Delay:        5.669ns  (logic 1.535ns (27.072%)  route 4.134ns (72.928%))
  Logic Levels:           1  (IBUF=1)
  Clock Path Skew:        5.011ns (DCD - SCD + CPR)
    Destination Clock Delay (DCD):    5.011ns
    Source Clock Delay      (SCD):    0.000ns
    Clock Pessimism Removal (CPR):    0.000ns
  Clock Uncertainty:      0.025ns  ((TSJ^2 + TIJ^2)^1/2 + DJ) / 2 + PE
    Total System Jitter     (TSJ):    0.050ns
    Total Input Jitter      (TIJ):    0.000ns
    Discrete Jitter          (DJ):    0.000ns
    Phase Error              (PE):    0.000ns

    Location             Delay type                Incr(ns)  Path(ns)    Netlist Resource(s)
  -------------------------------------------------------------------    -------------------
    B8                                                0.000     0.000 r  btn[3] (IN)
                         net (fo=0)                   0.000     0.000    btn[3]
    B8                   IBUF (Prop_ibuf_I_O)         1.535     1.535 r  btn_IBUF[3]_inst/O
                         net (fo=28, routed)          4.134     5.669    u_div/btn_IBUF[0]
    SLICE_X0Y104         FDRE                                         r  u_div/count_reg[6]/R
  -------------------------------------------------------------------    -------------------

                         (clock sys_clk_pin rise edge)
                                                      0.000     0.000 r  
    E3                                                0.000     0.000 r  clk100mhz (IN)
                         net (fo=0)                   0.000     0.000    clk100mhz
    E3                   IBUF (Prop_ibuf_I_O)         1.411     1.411 r  clk100mhz_IBUF_inst/O
                         net (fo=1, routed)           1.920     3.331    clk100mhz_IBUF
    BUFGCTRL_X0Y16       BUFG (Prop_bufg_I_O)         0.091     3.422 r  clk100mhz_IBUF_BUFG_inst/O
                         net (fo=28, routed)          1.589     5.011    u_div/clk100mhz_IBUF_BUFG
    SLICE_X0Y104         FDRE                                         r  u_div/count_reg[6]/C

Slack:                    inf
  Source:                 btn[3]
                            (input port)
  Destination:            u_div/count_reg[7]/R
                            (rising edge-triggered cell FDRE clocked by sys_clk_pin  {rise@0.000ns fall@5.000ns period=10.000ns})
  Path Group:             (none)
  Path Type:              Setup (Max at Slow Process Corner)
  Data Path Delay:        5.669ns  (logic 1.535ns (27.072%)  route 4.134ns (72.928%))
  Logic Levels:           1  (IBUF=1)
  Clock Path Skew:        5.011ns (DCD - SCD + CPR)
    Destination Clock Delay (DCD):    5.011ns
    Source Clock Delay      (SCD):    0.000ns
    Clock Pessimism Removal (CPR):    0.000ns
  Clock Uncertainty:      0.025ns  ((TSJ^2 + TIJ^2)^1/2 + DJ) / 2 + PE
    Total System Jitter     (TSJ):    0.050ns
    Total Input Jitter      (TIJ):    0.000ns
    Discrete Jitter          (DJ):    0.000ns
    Phase Error              (PE):    0.000ns

    Location             Delay type                Incr(ns)  Path(ns)    Netlist Resource(s)
  -------------------------------------------------------------------    -------------------
    B8                                                0.000     0.000 r  btn[3] (IN)
                         net (fo=0)                   0.000     0.000    btn[3]
    B8                   IBUF (Prop_ibuf_I_O)         1.535     1.535 r  btn_IBUF[3]_inst/O
                         net (fo=28, routed)          4.134     5.669    u_div/btn_IBUF[0]
    SLICE_X0Y104         FDRE                                         r  u_div/count_reg[7]/R
  -------------------------------------------------------------------    -------------------

                         (clock sys_clk_pin rise edge)
                                                      0.000     0.000 r  
    E3                                                0.000     0.000 r  clk100mhz (IN)
                         net (fo=0)                   0.000     0.000    clk100mhz
    E3                   IBUF (Prop_ibuf_I_O)         1.411     1.411 r  clk100mhz_IBUF_inst/O
                         net (fo=1, routed)           1.920     3.331    clk100mhz_IBUF
    BUFGCTRL_X0Y16       BUFG (Prop_bufg_I_O)         0.091     3.422 r  clk100mhz_IBUF_BUFG_inst/O
                         net (fo=28, routed)          1.589     5.011    u_div/clk100mhz_IBUF_BUFG
    SLICE_X0Y104         FDRE                                         r  u_div/count_reg[7]/C

Slack:                    inf
  Source:                 btn[3]
                            (input port)
  Destination:            u_fsm/FSM_sequential_state_reg[0]/CLR
                            (recovery check against rising-edge clock sys_clk_pin  {rise@0.000ns fall@5.000ns period=10.000ns})
  Path Group:             (none)
  Path Type:              Recovery (Max at Slow Process Corner)
  Data Path Delay:        5.665ns  (logic 1.535ns (27.093%)  route 4.130ns (72.907%))
  Logic Levels:           1  (IBUF=1)
  Clock Path Skew:        5.011ns (DCD - SCD + CPR)
    Destination Clock Delay (DCD):    5.011ns
    Source Clock Delay      (SCD):    0.000ns
    Clock Pessimism Removal (CPR):    0.000ns
  Clock Uncertainty:      0.025ns  ((TSJ^2 + TIJ^2)^1/2 + DJ) / 2 + PE
    Total System Jitter     (TSJ):    0.050ns
    Total Input Jitter      (TIJ):    0.000ns
    Discrete Jitter          (DJ):    0.000ns
    Phase Error              (PE):    0.000ns

    Location             Delay type                Incr(ns)  Path(ns)    Netlist Resource(s)
  -------------------------------------------------------------------    -------------------
    B8                                                0.000     0.000 f  btn[3] (IN)
                         net (fo=0)                   0.000     0.000    btn[3]
    B8                   IBUF (Prop_ibuf_I_O)         1.535     1.535 f  btn_IBUF[3]_inst/O
                         net (fo=28, routed)          4.130     5.665    u_fsm/btn_IBUF[0]
    SLICE_X1Y104         FDCE                                         f  u_fsm/FSM_sequential_state_reg[0]/CLR
  -------------------------------------------------------------------    -------------------

                         (clock sys_clk_pin rise edge)
                                                      0.000     0.000 r  
    E3                                                0.000     0.000 r  clk100mhz (IN)
                         net (fo=0)                   0.000     0.000    clk100mhz
    E3                   IBUF (Prop_ibuf_I_O)         1.411     1.411 r  clk100mhz_IBUF_inst/O
                         net (fo=1, routed)           1.920     3.331    clk100mhz_IBUF
    BUFGCTRL_X0Y16       BUFG (Prop_bufg_I_O)         0.091     3.422 r  clk100mhz_IBUF_BUFG_inst/O
                         net (fo=28, routed)          1.589     5.011    u_fsm/clk100mhz_IBUF_BUFG
    SLICE_X1Y104         FDCE                                         r  u_fsm/FSM_sequential_state_reg[0]/C

Slack:                    inf
  Source:                 btn[3]
                            (input port)
  Destination:            u_fsm/FSM_sequential_state_reg[1]/CLR
                            (recovery check against rising-edge clock sys_clk_pin  {rise@0.000ns fall@5.000ns period=10.000ns})
  Path Group:             (none)
  Path Type:              Recovery (Max at Slow Process Corner)
  Data Path Delay:        5.665ns  (logic 1.535ns (27.093%)  route 4.130ns (72.907%))
  Logic Levels:           1  (IBUF=1)
  Clock Path Skew:        5.011ns (DCD - SCD + CPR)
    Destination Clock Delay (DCD):    5.011ns
    Source Clock Delay      (SCD):    0.000ns
    Clock Pessimism Removal (CPR):    0.000ns
  Clock Uncertainty:      0.025ns  ((TSJ^2 + TIJ^2)^1/2 + DJ) / 2 + PE
    Total System Jitter     (TSJ):    0.050ns
    Total Input Jitter      (TIJ):    0.000ns
    Discrete Jitter          (DJ):    0.000ns
    Phase Error              (PE):    0.000ns

    Location             Delay type                Incr(ns)  Path(ns)    Netlist Resource(s)
  -------------------------------------------------------------------    -------------------
    B8                                                0.000     0.000 f  btn[3] (IN)
                         net (fo=0)                   0.000     0.000    btn[3]
    B8                   IBUF (Prop_ibuf_I_O)         1.535     1.535 f  btn_IBUF[3]_inst/O
                         net (fo=28, routed)          4.130     5.665    u_fsm/btn_IBUF[0]
    SLICE_X1Y104         FDCE                                         f  u_fsm/FSM_sequential_state_reg[1]/CLR
  -------------------------------------------------------------------    -------------------

                         (clock sys_clk_pin rise edge)
                                                      0.000     0.000 r  
    E3                                                0.000     0.000 r  clk100mhz (IN)
                         net (fo=0)                   0.000     0.000    clk100mhz
    E3                   IBUF (Prop_ibuf_I_O)         1.411     1.411 r  clk100mhz_IBUF_inst/O
                         net (fo=1, routed)           1.920     3.331    clk100mhz_IBUF
    BUFGCTRL_X0Y16       BUFG (Prop_bufg_I_O)         0.091     3.422 r  clk100mhz_IBUF_BUFG_inst/O
                         net (fo=28, routed)          1.589     5.011    u_fsm/clk100mhz_IBUF_BUFG
    SLICE_X1Y104         FDCE                                         r  u_fsm/FSM_sequential_state_reg[1]/C





Min Delay Paths
--------------------------------------------------------------------------------------
Slack:                    inf
  Source:                 btn[3]
                            (input port)
  Destination:            u_div/count_reg[24]/R
                            (rising edge-triggered cell FDRE clocked by sys_clk_pin  {rise@0.000ns fall@5.000ns period=10.000ns})
  Path Group:             (none)
  Path Type:              Hold (Min at Fast Process Corner)
  Data Path Delay:        1.737ns  (logic 0.302ns (17.388%)  route 1.435ns (82.612%))
  Logic Levels:           1  (IBUF=1)
  Clock Path Skew:        2.035ns (DCD - SCD - CPR)
    Destination Clock Delay (DCD):    2.035ns
    Source Clock Delay      (SCD):    0.000ns
    Clock Pessimism Removal (CPR):    -0.000ns

    Location             Delay type                Incr(ns)  Path(ns)    Netlist Resource(s)
  -------------------------------------------------------------------    -------------------
    B8                                                0.000     0.000 r  btn[3] (IN)
                         net (fo=0)                   0.000     0.000    btn[3]
    B8                   IBUF (Prop_ibuf_I_O)         0.302     0.302 r  btn_IBUF[3]_inst/O
                         net (fo=28, routed)          1.435     1.737    u_div/btn_IBUF[0]
    SLICE_X0Y109         FDRE                                         r  u_div/count_reg[24]/R
  -------------------------------------------------------------------    -------------------

                         (clock sys_clk_pin rise edge)
                                                      0.000     0.000 r  
    E3                                                0.000     0.000 r  clk100mhz (IN)
                         net (fo=0)                   0.000     0.000    clk100mhz
    E3                   IBUF (Prop_ibuf_I_O)         0.438     0.438 r  clk100mhz_IBUF_inst/O
                         net (fo=1, routed)           0.699     1.136    clk100mhz_IBUF
    BUFGCTRL_X0Y16       BUFG (Prop_bufg_I_O)         0.029     1.165 r  clk100mhz_IBUF_BUFG_inst/O
                         net (fo=28, routed)          0.870     2.035    u_div/clk100mhz_IBUF_BUFG
    SLICE_X0Y109         FDRE                                         r  u_div/count_reg[24]/C

Slack:                    inf
  Source:                 sw[1]
                            (input port)
  Destination:            u_fsm/FSM_sequential_state_reg[1]/D
                            (rising edge-triggered cell FDCE clocked by sys_clk_pin  {rise@0.000ns fall@5.000ns period=10.000ns})
  Path Group:             (none)
  Path Type:              Hold (Min at Fast Process Corner)
  Data Path Delay:        1.753ns  (logic 0.322ns (18.358%)  route 1.431ns (81.642%))
  Logic Levels:           2  (IBUF=1 LUT6=1)
  Clock Path Skew:        2.036ns (DCD - SCD - CPR)
    Destination Clock Delay (DCD):    2.036ns
    Source Clock Delay      (SCD):    0.000ns
    Clock Pessimism Removal (CPR):    -0.000ns

    Location             Delay type                Incr(ns)  Path(ns)    Netlist Resource(s)
  -------------------------------------------------------------------    -------------------
    C11                                               0.000     0.000 f  sw[1] (IN)
                         net (fo=0)                   0.000     0.000    sw[1]
    C11                  IBUF (Prop_ibuf_I_O)         0.277     0.277 f  sw_IBUF[1]_inst/O
                         net (fo=3, routed)           1.431     1.708    u_fsm/sw_IBUF[1]
    SLICE_X1Y104         LUT6 (Prop_lut6_I0_O)        0.045     1.753 r  u_fsm/FSM_sequential_state[1]_i_1/O
                         net (fo=1, routed)           0.000     1.753    u_fsm/FSM_sequential_state[1]_i_1_n_0
    SLICE_X1Y104         FDCE                                         r  u_fsm/FSM_sequential_state_reg[1]/D
  -------------------------------------------------------------------    -------------------

                         (clock sys_clk_pin rise edge)
                                                      0.000     0.000 r  
    E3                                                0.000     0.000 r  clk100mhz (IN)
                         net (fo=0)                   0.000     0.000    clk100mhz
    E3                   IBUF (Prop_ibuf_I_O)         0.438     0.438 r  clk100mhz_IBUF_inst/O
                         net (fo=1, routed)           0.699     1.136    clk100mhz_IBUF
    BUFGCTRL_X0Y16       BUFG (Prop_bufg_I_O)         0.029     1.165 r  clk100mhz_IBUF_BUFG_inst/O
                         net (fo=28, routed)          0.871     2.036    u_fsm/clk100mhz_IBUF_BUFG
    SLICE_X1Y104         FDCE                                         r  u_fsm/FSM_sequential_state_reg[1]/C

Slack:                    inf
  Source:                 sw[1]
                            (input port)
  Destination:            u_fsm/FSM_sequential_state_reg[2]/D
                            (rising edge-triggered cell FDCE clocked by sys_clk_pin  {rise@0.000ns fall@5.000ns period=10.000ns})
  Path Group:             (none)
  Path Type:              Hold (Min at Fast Process Corner)
  Data Path Delay:        1.754ns  (logic 0.322ns (18.347%)  route 1.432ns (81.653%))
  Logic Levels:           2  (IBUF=1 LUT6=1)
  Clock Path Skew:        2.036ns (DCD - SCD - CPR)
    Destination Clock Delay (DCD):    2.036ns
    Source Clock Delay      (SCD):    0.000ns
    Clock Pessimism Removal (CPR):    -0.000ns

    Location             Delay type                Incr(ns)  Path(ns)    Netlist Resource(s)
  -------------------------------------------------------------------    -------------------
    C11                                               0.000     0.000 r  sw[1] (IN)
                         net (fo=0)                   0.000     0.000    sw[1]
    C11                  IBUF (Prop_ibuf_I_O)         0.277     0.277 r  sw_IBUF[1]_inst/O
                         net (fo=3, routed)           1.432     1.709    u_fsm/sw_IBUF[1]
    SLICE_X1Y104         LUT6 (Prop_lut6_I1_O)        0.045     1.754 r  u_fsm/FSM_sequential_state[2]_i_1/O
                         net (fo=1, routed)           0.000     1.754    u_fsm/FSM_sequential_state[2]_i_1_n_0
    SLICE_X1Y104         FDCE                                         r  u_fsm/FSM_sequential_state_reg[2]/D
  -------------------------------------------------------------------    -------------------

                         (clock sys_clk_pin rise edge)
                                                      0.000     0.000 r  
    E3                                                0.000     0.000 r  clk100mhz (IN)
                         net (fo=0)                   0.000     0.000    clk100mhz
    E3                   IBUF (Prop_ibuf_I_O)         0.438     0.438 r  clk100mhz_IBUF_inst/O
                         net (fo=1, routed)           0.699     1.136    clk100mhz_IBUF
    BUFGCTRL_X0Y16       BUFG (Prop_bufg_I_O)         0.029     1.165 r  clk100mhz_IBUF_BUFG_inst/O
                         net (fo=28, routed)          0.871     2.036    u_fsm/clk100mhz_IBUF_BUFG
    SLICE_X1Y104         FDCE                                         r  u_fsm/FSM_sequential_state_reg[2]/C

Slack:                    inf
  Source:                 btn[3]
                            (input port)
  Destination:            u_div/count_reg[20]/R
                            (rising edge-triggered cell FDRE clocked by sys_clk_pin  {rise@0.000ns fall@5.000ns period=10.000ns})
  Path Group:             (none)
  Path Type:              Hold (Min at Fast Process Corner)
  Data Path Delay:        1.801ns  (logic 0.302ns (16.773%)  route 1.499ns (83.227%))
  Logic Levels:           1  (IBUF=1)
  Clock Path Skew:        2.035ns (DCD - SCD - CPR)
    Destination Clock Delay (DCD):    2.035ns
    Source Clock Delay      (SCD):    0.000ns
    Clock Pessimism Removal (CPR):    -0.000ns

    Location             Delay type                Incr(ns)  Path(ns)    Netlist Resource(s)
  -------------------------------------------------------------------    -------------------
    B8                                                0.000     0.000 r  btn[3] (IN)
                         net (fo=0)                   0.000     0.000    btn[3]
    B8                   IBUF (Prop_ibuf_I_O)         0.302     0.302 r  btn_IBUF[3]_inst/O
                         net (fo=28, routed)          1.499     1.801    u_div/btn_IBUF[0]
    SLICE_X0Y108         FDRE                                         r  u_div/count_reg[20]/R
  -------------------------------------------------------------------    -------------------

                         (clock sys_clk_pin rise edge)
                                                      0.000     0.000 r  
    E3                                                0.000     0.000 r  clk100mhz (IN)
                         net (fo=0)                   0.000     0.000    clk100mhz
    E3                   IBUF (Prop_ibuf_I_O)         0.438     0.438 r  clk100mhz_IBUF_inst/O
                         net (fo=1, routed)           0.699     1.136    clk100mhz_IBUF
    BUFGCTRL_X0Y16       BUFG (Prop_bufg_I_O)         0.029     1.165 r  clk100mhz_IBUF_BUFG_inst/O
                         net (fo=28, routed)          0.870     2.035    u_div/clk100mhz_IBUF_BUFG
    SLICE_X0Y108         FDRE                                         r  u_div/count_reg[20]/C

Slack:                    inf
  Source:                 btn[3]
                            (input port)
  Destination:            u_div/count_reg[21]/R
                            (rising edge-triggered cell FDRE clocked by sys_clk_pin  {rise@0.000ns fall@5.000ns period=10.000ns})
  Path Group:             (none)
  Path Type:              Hold (Min at Fast Process Corner)
  Data Path Delay:        1.801ns  (logic 0.302ns (16.773%)  route 1.499ns (83.227%))
  Logic Levels:           1  (IBUF=1)
  Clock Path Skew:        2.035ns (DCD - SCD - CPR)
    Destination Clock Delay (DCD):    2.035ns
    Source Clock Delay      (SCD):    0.000ns
    Clock Pessimism Removal (CPR):    -0.000ns

    Location             Delay type                Incr(ns)  Path(ns)    Netlist Resource(s)
  -------------------------------------------------------------------    -------------------
    B8                                                0.000     0.000 r  btn[3] (IN)
                         net (fo=0)                   0.000     0.000    btn[3]
    B8                   IBUF (Prop_ibuf_I_O)         0.302     0.302 r  btn_IBUF[3]_inst/O
                         net (fo=28, routed)          1.499     1.801    u_div/btn_IBUF[0]
    SLICE_X0Y108         FDRE                                         r  u_div/count_reg[21]/R
  -------------------------------------------------------------------    -------------------

                         (clock sys_clk_pin rise edge)
                                                      0.000     0.000 r  
    E3                                                0.000     0.000 r  clk100mhz (IN)
                         net (fo=0)                   0.000     0.000    clk100mhz
    E3                   IBUF (Prop_ibuf_I_O)         0.438     0.438 r  clk100mhz_IBUF_inst/O
                         net (fo=1, routed)           0.699     1.136    clk100mhz_IBUF
    BUFGCTRL_X0Y16       BUFG (Prop_bufg_I_O)         0.029     1.165 r  clk100mhz_IBUF_BUFG_inst/O
                         net (fo=28, routed)          0.870     2.035    u_div/clk100mhz_IBUF_BUFG
    SLICE_X0Y108         FDRE                                         r  u_div/count_reg[21]/C

Slack:                    inf
  Source:                 btn[3]
                            (input port)
  Destination:            u_div/count_reg[22]/R
                            (rising edge-triggered cell FDRE clocked by sys_clk_pin  {rise@0.000ns fall@5.000ns period=10.000ns})
  Path Group:             (none)
  Path Type:              Hold (Min at Fast Process Corner)
  Data Path Delay:        1.801ns  (logic 0.302ns (16.773%)  route 1.499ns (83.227%))
  Logic Levels:           1  (IBUF=1)
  Clock Path Skew:        2.035ns (DCD - SCD - CPR)
    Destination Clock Delay (DCD):    2.035ns
    Source Clock Delay      (SCD):    0.000ns
    Clock Pessimism Removal (CPR):    -0.000ns

    Location             Delay type                Incr(ns)  Path(ns)    Netlist Resource(s)
  -------------------------------------------------------------------    -------------------
    B8                                                0.000     0.000 r  btn[3] (IN)
                         net (fo=0)                   0.000     0.000    btn[3]
    B8                   IBUF (Prop_ibuf_I_O)         0.302     0.302 r  btn_IBUF[3]_inst/O
                         net (fo=28, routed)          1.499     1.801    u_div/btn_IBUF[0]
    SLICE_X0Y108         FDRE                                         r  u_div/count_reg[22]/R
  -------------------------------------------------------------------    -------------------

                         (clock sys_clk_pin rise edge)
                                                      0.000     0.000 r  
    E3                                                0.000     0.000 r  clk100mhz (IN)
                         net (fo=0)                   0.000     0.000    clk100mhz
    E3                   IBUF (Prop_ibuf_I_O)         0.438     0.438 r  clk100mhz_IBUF_inst/O
                         net (fo=1, routed)           0.699     1.136    clk100mhz_IBUF
    BUFGCTRL_X0Y16       BUFG (Prop_bufg_I_O)         0.029     1.165 r  clk100mhz_IBUF_BUFG_inst/O
                         net (fo=28, routed)          0.870     2.035    u_div/clk100mhz_IBUF_BUFG
    SLICE_X0Y108         FDRE                                         r  u_div/count_reg[22]/C

Slack:                    inf
  Source:                 btn[3]
                            (input port)
  Destination:            u_div/count_reg[23]/R
                            (rising edge-triggered cell FDRE clocked by sys_clk_pin  {rise@0.000ns fall@5.000ns period=10.000ns})
  Path Group:             (none)
  Path Type:              Hold (Min at Fast Process Corner)
  Data Path Delay:        1.801ns  (logic 0.302ns (16.773%)  route 1.499ns (83.227%))
  Logic Levels:           1  (IBUF=1)
  Clock Path Skew:        2.035ns (DCD - SCD - CPR)
    Destination Clock Delay (DCD):    2.035ns
    Source Clock Delay      (SCD):    0.000ns
    Clock Pessimism Removal (CPR):    -0.000ns

    Location             Delay type                Incr(ns)  Path(ns)    Netlist Resource(s)
  -------------------------------------------------------------------    -------------------
    B8                                                0.000     0.000 r  btn[3] (IN)
                         net (fo=0)                   0.000     0.000    btn[3]
    B8                   IBUF (Prop_ibuf_I_O)         0.302     0.302 r  btn_IBUF[3]_inst/O
                         net (fo=28, routed)          1.499     1.801    u_div/btn_IBUF[0]
    SLICE_X0Y108         FDRE                                         r  u_div/count_reg[23]/R
  -------------------------------------------------------------------    -------------------

                         (clock sys_clk_pin rise edge)
                                                      0.000     0.000 r  
    E3                                                0.000     0.000 r  clk100mhz (IN)
                         net (fo=0)                   0.000     0.000    clk100mhz
    E3                   IBUF (Prop_ibuf_I_O)         0.438     0.438 r  clk100mhz_IBUF_inst/O
                         net (fo=1, routed)           0.699     1.136    clk100mhz_IBUF
    BUFGCTRL_X0Y16       BUFG (Prop_bufg_I_O)         0.029     1.165 r  clk100mhz_IBUF_BUFG_inst/O
                         net (fo=28, routed)          0.870     2.035    u_div/clk100mhz_IBUF_BUFG
    SLICE_X0Y108         FDRE                                         r  u_div/count_reg[23]/C

Slack:                    inf
  Source:                 btn[3]
                            (input port)
  Destination:            u_div/count_reg[16]/R
                            (rising edge-triggered cell FDRE clocked by sys_clk_pin  {rise@0.000ns fall@5.000ns period=10.000ns})
  Path Group:             (none)
  Path Type:              Hold (Min at Fast Process Corner)
  Data Path Delay:        1.865ns  (logic 0.302ns (16.199%)  route 1.563ns (83.801%))
  Logic Levels:           1  (IBUF=1)
  Clock Path Skew:        2.035ns (DCD - SCD - CPR)
    Destination Clock Delay (DCD):    2.035ns
    Source Clock Delay      (SCD):    0.000ns
    Clock Pessimism Removal (CPR):    -0.000ns

    Location             Delay type                Incr(ns)  Path(ns)    Netlist Resource(s)
  -------------------------------------------------------------------    -------------------
    B8                                                0.000     0.000 r  btn[3] (IN)
                         net (fo=0)                   0.000     0.000    btn[3]
    B8                   IBUF (Prop_ibuf_I_O)         0.302     0.302 r  btn_IBUF[3]_inst/O
                         net (fo=28, routed)          1.563     1.865    u_div/btn_IBUF[0]
    SLICE_X0Y107         FDRE                                         r  u_div/count_reg[16]/R
  -------------------------------------------------------------------    -------------------

                         (clock sys_clk_pin rise edge)
                                                      0.000     0.000 r  
    E3                                                0.000     0.000 r  clk100mhz (IN)
                         net (fo=0)                   0.000     0.000    clk100mhz
    E3                   IBUF (Prop_ibuf_I_O)         0.438     0.438 r  clk100mhz_IBUF_inst/O
                         net (fo=1, routed)           0.699     1.136    clk100mhz_IBUF
    BUFGCTRL_X0Y16       BUFG (Prop_bufg_I_O)         0.029     1.165 r  clk100mhz_IBUF_BUFG_inst/O
                         net (fo=28, routed)          0.870     2.035    u_div/clk100mhz_IBUF_BUFG
    SLICE_X0Y107         FDRE                                         r  u_div/count_reg[16]/C

Slack:                    inf
  Source:                 btn[3]
                            (input port)
  Destination:            u_div/count_reg[17]/R
                            (rising edge-triggered cell FDRE clocked by sys_clk_pin  {rise@0.000ns fall@5.000ns period=10.000ns})
  Path Group:             (none)
  Path Type:              Hold (Min at Fast Process Corner)
  Data Path Delay:        1.865ns  (logic 0.302ns (16.199%)  route 1.563ns (83.801%))
  Logic Levels:           1  (IBUF=1)
  Clock Path Skew:        2.035ns (DCD - SCD - CPR)
    Destination Clock Delay (DCD):    2.035ns
    Source Clock Delay      (SCD):    0.000ns
    Clock Pessimism Removal (CPR):    -0.000ns

    Location             Delay type                Incr(ns)  Path(ns)    Netlist Resource(s)
  -------------------------------------------------------------------    -------------------
    B8                                                0.000     0.000 r  btn[3] (IN)
                         net (fo=0)                   0.000     0.000    btn[3]
    B8                   IBUF (Prop_ibuf_I_O)         0.302     0.302 r  btn_IBUF[3]_inst/O
                         net (fo=28, routed)          1.563     1.865    u_div/btn_IBUF[0]
    SLICE_X0Y107         FDRE                                         r  u_div/count_reg[17]/R
  -------------------------------------------------------------------    -------------------

                         (clock sys_clk_pin rise edge)
                                                      0.000     0.000 r  
    E3                                                0.000     0.000 r  clk100mhz (IN)
                         net (fo=0)                   0.000     0.000    clk100mhz
    E3                   IBUF (Prop_ibuf_I_O)         0.438     0.438 r  clk100mhz_IBUF_inst/O
                         net (fo=1, routed)           0.699     1.136    clk100mhz_IBUF
    BUFGCTRL_X0Y16       BUFG (Prop_bufg_I_O)         0.029     1.165 r  clk100mhz_IBUF_BUFG_inst/O
                         net (fo=28, routed)          0.870     2.035    u_div/clk100mhz_IBUF_BUFG
    SLICE_X0Y107         FDRE                                         r  u_div/count_reg[17]/C

Slack:                    inf
  Source:                 btn[3]
                            (input port)
  Destination:            u_div/count_reg[18]/R
                            (rising edge-triggered cell FDRE clocked by sys_clk_pin  {rise@0.000ns fall@5.000ns period=10.000ns})
  Path Group:             (none)
  Path Type:              Hold (Min at Fast Process Corner)
  Data Path Delay:        1.865ns  (logic 0.302ns (16.199%)  route 1.563ns (83.801%))
  Logic Levels:           1  (IBUF=1)
  Clock Path Skew:        2.035ns (DCD - SCD - CPR)
    Destination Clock Delay (DCD):    2.035ns
    Source Clock Delay      (SCD):    0.000ns
    Clock Pessimism Removal (CPR):    -0.000ns

    Location             Delay type                Incr(ns)  Path(ns)    Netlist Resource(s)
  -------------------------------------------------------------------    -------------------
    B8                                                0.000     0.000 r  btn[3] (IN)
                         net (fo=0)                   0.000     0.000    btn[3]
    B8                   IBUF (Prop_ibuf_I_O)         0.302     0.302 r  btn_IBUF[3]_inst/O
                         net (fo=28, routed)          1.563     1.865    u_div/btn_IBUF[0]
    SLICE_X0Y107         FDRE                                         r  u_div/count_reg[18]/R
  -------------------------------------------------------------------    -------------------

                         (clock sys_clk_pin rise edge)
                                                      0.000     0.000 r  
    E3                                                0.000     0.000 r  clk100mhz (IN)
                         net (fo=0)                   0.000     0.000    clk100mhz
    E3                   IBUF (Prop_ibuf_I_O)         0.438     0.438 r  clk100mhz_IBUF_inst/O
                         net (fo=1, routed)           0.699     1.136    clk100mhz_IBUF
    BUFGCTRL_X0Y16       BUFG (Prop_bufg_I_O)         0.029     1.165 r  clk100mhz_IBUF_BUFG_inst/O
                         net (fo=28, routed)          0.870     2.035    u_div/clk100mhz_IBUF_BUFG
    SLICE_X0Y107         FDRE                                         r  u_div/count_reg[18]/C





